Date,Region,Forecast_Demand,Lower,Upper,Temperature_C,Season,Is_Festival,Plastic_Ban_Active
2024-01-01,North_Zone,11519,9510,13528,15.9,Winter,0,1
2024-01-02,North_Zone,12003,9994,14012,15.3,Winter,0,1
2024-01-03,North_Zone,11435,9426,13444,14.7,Winter,0,1
2024-01-04,North_Zone,12028,10019,14037,17.7,Winter,0,1
2024-01-05,North_Zone,11813,9804,13821,14.8,Winter,0,1
2024-01-06,North_Zone,12083,10074,14092,16.6,Winter,0,1
2024-01-07,North_Zone,11680,9671,13689,16.3,Winter,0,1
2024-01-08,North_Zone,11200,9191,13209,14.7,Winter,0,1
2024-01-09,North_Zone,11319,9310,13328,14.2,Winter,0,1
2024-01-10,North_Zone,11104,9095,13112,14.2,Winter,0,1
2024-01-11,North_Zone,12345,10336,14354,18.6,Winter,0,1
2024-01-12,North_Zone,11337,9328,13346,15.0,Winter,0,1
2024-01-13,North_Zone,12281,10273,14290,17.3,Winter,0,1
2024-01-14,North_Zone,12062,10053,14070,15.6,Winter,0,1
2024-01-15,North_Zone,11032,9023,13041,12.9,Winter,0,1
2024-01-16,North_Zone,11432,9423,13441,13.8,Winter,0,1
2024-01-17,North_Zone,11897,9888,13905,15.8,Winter,0,1
2024-01-18,North_Zone,12055,10047,14064,17.1,Winter,0,1
2024-01-19,North_Zone,11871,9862,13880,16.2,Winter,0,1
2024-01-20,North_Zone,11228,9219,13237,13.0,Winter,0,1
2024-01-21,North_Zone,12073,10064,14082,17.0,Winter,0,1
2024-01-22,North_Zone,11889,9880,13898,15.4,Winter,0,1
2024-01-23,North_Zone,11078,9069,13086,14.1,Winter,0,1
2024-01-24,North_Zone,11165,9156,13173,13.1,Winter,0,1
2024-01-25,North_Zone,11496,9487,13504,14.8,Winter,0,1
2024-01-26,North_Zone,11849,9841,13858,16.2,Winter,0,1
2024-01-27,North_Zone,11679,9670,13688,16.6,Winter,0,1
2024-01-28,North_Zone,11989,9980,13998,15.7,Winter,0,1
2024-01-29,North_Zone,11095,9086,13104,14.2,Winter,0,1
2024-01-30,North_Zone,12110,10101,14119,16.0,Winter,0,1
2024-01-31,North_Zone,11943,9934,13952,15.4,Winter,0,1
2024-02-01,North_Zone,11504,9495,13513,14.9,Winter,0,1
2024-02-02,North_Zone,10947,8939,12956,14.3,Winter,0,1
2024-02-03,North_Zone,11899,9891,13908,17.2,Winter,0,1
2024-02-04,North_Zone,11365,9356,13374,14.5,Winter,0,1
2024-02-05,North_Zone,11949,9940,13957,15.1,Winter,0,1
2024-02-06,North_Zone,11906,9897,13915,15.0,Winter,0,1
2024-02-07,North_Zone,10747,8738,12756,11.7,Winter,0,1
2024-02-08,North_Zone,11886,9877,13895,17.0,Winter,0,1
2024-02-09,North_Zone,12404,10395,14413,19.2,Winter,0,1
2024-02-10,North_Zone,11746,9737,13755,15.6,Winter,0,1
2024-02-11,North_Zone,12335,10327,14344,17.8,Winter,0,1
2024-02-12,North_Zone,11283,9274,13292,14.2,Winter,0,1
2024-02-13,North_Zone,11819,9810,13828,15.6,Winter,0,1
2024-02-14,North_Zone,12152,10143,14161,15.1,Winter,0,1
2024-02-15,North_Zone,12307,10298,14316,16.7,Winter,0,1
2024-02-16,North_Zone,11790,9782,13799,16.6,Winter,0,1
2024-02-17,North_Zone,11810,9801,13819,15.6,Winter,0,1
2024-02-18,North_Zone,12130,10121,14139,16.9,Winter,0,1
2024-02-19,North_Zone,11179,9170,13188,14.7,Winter,0,1
2024-02-20,North_Zone,11603,9594,13611,14.4,Winter,0,1
2024-02-21,North_Zone,11815,9806,13823,15.5,Winter,0,1
2024-02-22,North_Zone,11190,9181,13198,14.4,Winter,0,1
2024-02-23,North_Zone,12298,10290,14307,18.2,Winter,0,1
2024-02-24,North_Zone,11989,9980,13998,15.9,Winter,0,1
2024-02-25,North_Zone,10745,8736,12754,13.5,Winter,0,1
2024-02-26,North_Zone,11805,9796,13814,16.4,Winter,0,1
2024-02-27,North_Zone,10922,8913,12930,13.5,Winter,0,1
2024-02-28,North_Zone,11113,9104,13122,14.3,Winter,0,1
2024-02-29,North_Zone,11113,9104,13122,14.3,Winter,0,1
2024-03-01,North_Zone,19063,17054,21072,38.7,Summer,1,1
2024-03-02,North_Zone,17608,15599,19617,31.3,Summer,1,1
2024-03-03,North_Zone,17210,15202,19219,36.3,Summer,0,1
2024-03-04,North_Zone,17010,15001,19019,35.7,Summer,0,1
2024-03-05,North_Zone,16743,14734,18752,35.2,Summer,0,1
2024-03-06,North_Zone,17487,15478,19496,31.2,Summer,1,1
2024-03-07,North_Zone,17617,15609,19626,31.1,Summer,1,1
2024-03-08,North_Zone,19098,17089,21107,38.2,Summer,1,1
2024-03-09,North_Zone,16578,14569,18587,35.0,Summer,0,1
2024-03-10,North_Zone,17648,15639,19657,33.3,Summer,1,1
2024-03-11,North_Zone,16959,14950,18967,35.6,Summer,0,1
2024-03-12,North_Zone,16238,14229,18247,34.4,Summer,0,1
2024-03-13,North_Zone,16918,14909,18927,35.3,Summer,0,1
2024-03-14,North_Zone,19191,17182,21200,38.6,Summer,1,1
2024-03-15,North_Zone,18485,16476,20494,35.2,Summer,1,1
2024-03-16,North_Zone,17494,15485,19503,37.4,Summer,0,1
2024-03-17,North_Zone,17421,15412,19429,38.1,Summer,0,1
2024-03-18,North_Zone,15565,13556,17574,32.8,Summer,0,1
2024-03-19,North_Zone,15575,13567,17584,32.5,Summer,0,1
2024-03-20,North_Zone,16005,13996,18013,33.9,Summer,0,1
2024-03-21,North_Zone,17220,15211,19229,37.8,Summer,0,1
2024-03-22,North_Zone,17843,15834,19852,33.6,Summer,1,1
2024-03-23,North_Zone,17414,15405,19422,32.7,Summer,1,1
2024-03-24,North_Zone,19049,17040,21058,37.5,Summer,1,1
2024-03-25,North_Zone,15883,13874,17892,32.0,Summer,0,1
2024-03-26,North_Zone,18699,16691,20708,36.4,Summer,1,1
2024-03-27,North_Zone,15534,13525,17543,33.2,Summer,0,1
2024-03-28,North_Zone,18686,16677,20695,34.6,Summer,1,1
2024-03-29,North_Zone,15655,13646,17664,32.6,Summer,0,1
2024-03-30,North_Zone,16596,14587,18605,34.2,Summer,0,1
2024-03-31,North_Zone,19162,17153,21171,38.8,Summer,1,1
2024-04-01,North_Zone,17300,15291,19309,37.5,Summer,0,1
2024-04-02,North_Zone,16688,14679,18696,35.4,Summer,0,1
2024-04-03,North_Zone,16938,14929,18947,36.8,Summer,0,1
2024-04-04,North_Zone,16620,14611,18629,35.2,Summer,0,1
2024-04-05,North_Zone,17447,15438,19456,37.5,Summer,0,1
2024-04-06,North_Zone,17130,15121,19139,36.4,Summer,0,1
2024-04-07,North_Zone,15841,13833,17850,33.9,Summer,0,1
2024-04-08,North_Zone,16522,14513,18531,34.7,Summer,0,1
2024-04-09,North_Zone,16999,14990,19008,36.7,Summer,0,1
2024-04-10,North_Zone,17930,15922,19939,41.6,Summer,0,1
2024-04-11,North_Zone,15373,13364,17382,33.2,Summer,0,1
2024-04-12,North_Zone,16649,14640,18658,35.7,Summer,0,1
2024-04-13,North_Zone,16630,14621,18639,36.1,Summer,0,1
2024-04-14,North_Zone,16532,14523,18541,34.6,Summer,0,1
2024-04-15,North_Zone,16933,14924,18942,36.5,Summer,0,1
2024-04-16,North_Zone,15370,13361,17379,31.7,Summer,0,1
2024-04-17,North_Zone,15502,13493,17511,33.0,Summer,0,1
2024-04-18,North_Zone,17250,15241,19259,39.5,Summer,0,1
2024-04-19,North_Zone,16197,14188,18206,33.7,Summer,0,1
2024-04-20,North_Zone,17334,15326,19343,39.3,Summer,0,1
2024-04-21,North_Zone,16853,14844,18861,36.7,Summer,0,1
2024-04-22,North_Zone,18138,16129,20147,41.0,Summer,0,1
2024-04-23,North_Zone,16419,14411,18428,34.0,Summer,0,1
2024-04-24,North_Zone,16218,14209,18227,34.3,Summer,0,1
2024-04-25,North_Zone,15514,13505,17523,33.4,Summer,0,1
2024-04-26,North_Zone,15558,13549,17567,33.1,Summer,0,1
2024-04-27,North_Zone,15769,13760,17778,31.2,Summer,0,1
2024-04-28,North_Zone,17083,15074,19092,36.4,Summer,0,1
2024-04-29,North_Zone,15613,13605,17622,32.7,Summer,0,1
2024-04-30,North_Zone,16770,14761,18778,35.1,Summer,0,1
2024-05-01,North_Zone,16702,14693,18711,35.2,Summer,0,1
2024-05-02,North_Zone,15679,13670,17688,33.3,Summer,0,1
2024-05-03,North_Zone,14867,12859,16876,28.9,Summer,0,1
2024-05-04,North_Zone,15624,13615,17632,32.1,Summer,0,1
2024-05-05,North_Zone,17225,15216,19234,39.7,Summer,0,1
2024-05-06,North_Zone,15733,13725,17742,31.8,Summer,0,1
2024-05-07,North_Zone,17394,15385,19403,39.0,Summer,0,1
2024-05-08,North_Zone,17300,15291,19309,37.4,Summer,0,1
2024-05-09,North_Zone,16839,14830,18848,35.5,Summer,0,1
2024-05-10,North_Zone,16548,14539,18557,35.6,Summer,0,1
2024-05-11,North_Zone,15365,13356,17373,30.9,Summer,0,1
2024-05-12,North_Zone,15641,13632,17650,32.1,Summer,0,1
2024-05-13,North_Zone,16692,14684,18701,35.9,Summer,0,1
2024-05-14,North_Zone,16689,14680,18698,36.0,Summer,0,1
2024-05-15,North_Zone,15746,13737,17755,31.8,Summer,0,1
2024-05-16,North_Zone,17321,15312,19330,37.4,Summer,0,1
2024-05-17,North_Zone,16475,14466,18484,34.5,Summer,0,1
2024-05-18,North_Zone,16711,14702,18720,35.9,Summer,0,1
2024-05-19,North_Zone,16380,14371,18389,34.3,Summer,0,1
2024-05-20,North_Zone,15631,13622,17640,31.8,Summer,0,1
2024-05-21,North_Zone,16499,14490,18508,34.7,Summer,0,1
2024-05-22,North_Zone,16478,14470,18487,34.4,Summer,0,1
2024-05-23,North_Zone,16977,14968,18986,36.4,Summer,0,1
2024-05-24,North_Zone,16988,14980,18997,37.1,Summer,0,1
2024-05-25,North_Zone,16785,14776,18794,35.8,Summer,0,1
2024-05-26,North_Zone,16789,14780,18798,35.1,Summer,0,1
2024-05-27,North_Zone,17385,15377,19394,37.5,Summer,0,1
2024-05-28,North_Zone,15849,13840,17858,32.9,Summer,0,1
2024-05-29,North_Zone,16070,14061,18079,33.4,Summer,0,1
2024-05-30,North_Zone,16945,14936,18954,34.8,Summer,0,1
2024-05-31,North_Zone,16877,14869,18886,34.6,Summer,0,1
2024-06-01,North_Zone,14424,12415,16432,29.5,Monsoon,0,1
2024-06-02,North_Zone,14181,12172,16190,29.0,Monsoon,0,1
2024-06-03,North_Zone,12929,10920,14938,25.8,Monsoon,0,1
2024-06-04,North_Zone,13885,11876,15894,27.2,Monsoon,0,1
2024-06-05,North_Zone,13631,11622,15639,29.0,Monsoon,0,1
2024-06-06,North_Zone,13686,11677,15695,28.8,Monsoon,0,1
2024-06-07,North_Zone,13876,11867,15885,28.6,Monsoon,0,1
2024-06-08,North_Zone,13709,11701,15718,27.8,Monsoon,0,1
2024-06-09,North_Zone,14807,12798,16816,31.3,Monsoon,0,1
2024-06-10,North_Zone,13156,11147,15165,27.3,Monsoon,0,1
2024-06-11,North_Zone,13095,11086,15104,25.4,Monsoon,0,1
2024-06-12,North_Zone,13903,11894,15912,29.3,Monsoon,0,1
2024-06-13,North_Zone,13797,11788,15806,28.6,Monsoon,0,1
2024-06-14,North_Zone,14321,12312,16330,29.7,Monsoon,0,1
2024-06-15,North_Zone,14501,12492,16510,30.8,Monsoon,0,1
2024-06-16,North_Zone,13815,11806,15824,27.4,Monsoon,0,1
2024-06-17,North_Zone,13413,11404,15422,26.4,Monsoon,0,1
2024-06-18,North_Zone,14361,12352,16370,30.9,Monsoon,0,1
2024-06-19,North_Zone,14266,12257,16275,30.2,Monsoon,0,1
2024-06-20,North_Zone,14085,12077,16094,30.7,Monsoon,0,1
2024-06-21,North_Zone,13559,11550,15568,28.1,Monsoon,0,1
2024-06-22,North_Zone,14360,12351,16369,29.7,Monsoon,0,1
2024-06-23,North_Zone,13708,11699,15717,28.9,Monsoon,0,1
2024-06-24,North_Zone,13614,11605,15623,26.6,Monsoon,0,1
2024-06-25,North_Zone,13699,11690,15708,28.3,Monsoon,0,1
2024-06-26,North_Zone,13522,11513,15531,26.6,Monsoon,0,1
2024-06-27,North_Zone,13725,11716,15734,26.3,Monsoon,0,1
2024-06-28,North_Zone,13505,11496,15514,28.1,Monsoon,0,1
2024-06-29,North_Zone,13910,11901,15919,29.0,Monsoon,0,1
2024-06-30,North_Zone,13650,11641,15659,28.1,Monsoon,0,1
2024-07-01,North_Zone,14217,12209,16226,29.6,Monsoon,0,1
2024-07-02,North_Zone,14169,12160,16178,30.2,Monsoon,0,1
2024-07-03,North_Zone,14076,12067,16085,29.9,Monsoon,0,1
2024-07-04,North_Zone,13490,11481,15499,27.8,Monsoon,0,1
2024-07-05,North_Zone,13225,11216,15234,25.3,Monsoon,0,1
2024-07-06,North_Zone,14243,12234,16252,30.3,Monsoon,0,1
2024-07-07,North_Zone,13637,11628,15645,28.1,Monsoon,0,1
2024-07-08,North_Zone,14267,12258,16276,30.0,Monsoon,0,1
2024-07-09,North_Zone,13896,11887,15905,27.6,Monsoon,0,1
2024-07-10,North_Zone,14009,12000,16018,26.7,Monsoon,0,1
2024-07-11,North_Zone,13870,11861,15879,28.4,Monsoon,0,1
2024-07-12,North_Zone,13410,11401,15419,27.4,Monsoon,0,1
2024-07-13,North_Zone,14173,12165,16182,30.4,Monsoon,0,1
2024-07-14,North_Zone,14114,12106,16123,30.8,Monsoon,0,1
2024-07-15,North_Zone,13800,11791,15809,30.1,Monsoon,0,1
2024-07-16,North_Zone,13654,11645,15663,28.8,Monsoon,0,1
2024-07-17,North_Zone,13821,11812,15830,27.7,Monsoon,0,1
2024-07-18,North_Zone,14290,12281,16299,31.3,Monsoon,0,1
2024-07-19,North_Zone,13064,11055,15073,25.2,Monsoon,0,1
2024-07-20,North_Zone,13270,11261,15279,27.3,Monsoon,0,1
2024-07-21,North_Zone,13602,11594,15611,27.7,Monsoon,0,1
2024-07-22,North_Zone,14224,12215,16233,29.2,Monsoon,0,1
2024-07-23,North_Zone,13208,11199,15217,25.7,Monsoon,0,1
2024-07-24,North_Zone,14540,12531,16549,31.2,Monsoon,0,1
2024-07-25,North_Zone,13591,11583,15600,27.7,Monsoon,0,1
2024-07-26,North_Zone,13144,11135,15153,26.1,Monsoon,0,1
2024-07-27,North_Zone,13559,11550,15568,27.9,Monsoon,0,1
2024-07-28,North_Zone,13843,11834,15852,29.9,Monsoon,0,1
2024-07-29,North_Zone,13788,11779,15797,27.2,Monsoon,0,1
2024-07-30,North_Zone,13313,11304,15322,26.3,Monsoon,0,1
2024-07-31,North_Zone,14582,12573,16591,30.0,Monsoon,0,1
2024-08-01,North_Zone,14463,12454,16472,32.4,Monsoon,0,1
2024-08-02,North_Zone,13677,11668,15686,27.2,Monsoon,0,1
2024-08-03,North_Zone,13587,11578,15595,28.4,Monsoon,0,1
2024-08-04,North_Zone,12996,10988,15005,25.5,Monsoon,0,1
2024-08-05,North_Zone,13791,11782,15800,28.7,Monsoon,0,1
2024-08-06,North_Zone,13499,11490,15508,26.8,Monsoon,0,1
2024-08-07,North_Zone,13541,11532,15550,28.3,Monsoon,0,1
2024-08-08,North_Zone,13265,11256,15274,27.9,Monsoon,0,1
2024-08-09,North_Zone,13675,11666,15684,27.4,Monsoon,0,1
2024-08-10,North_Zone,12994,10985,15002,25.8,Monsoon,0,1
2024-08-11,North_Zone,14732,12723,16740,32.0,Monsoon,0,1
2024-08-12,North_Zone,13481,11472,15490,27.3,Monsoon,0,1
2024-08-13,North_Zone,13681,11672,15690,28.1,Monsoon,0,1
2024-08-14,North_Zone,13745,11736,15754,27.5,Monsoon,0,1
2024-08-15,North_Zone,13828,11819,15837,28.8,Monsoon,0,1
2024-08-16,North_Zone,13878,11869,15887,28.0,Monsoon,0,1
2024-08-17,North_Zone,13460,11451,15469,28.1,Monsoon,0,1
2024-08-18,North_Zone,14096,12087,16105,29.3,Monsoon,0,1
2024-08-19,North_Zone,13744,11735,15752,27.9,Monsoon,0,1
2024-08-20,North_Zone,14297,12288,16306,29.9,Monsoon,0,1
2024-08-21,North_Zone,13917,11908,15926,28.5,Monsoon,0,1
2024-08-22,North_Zone,13749,11740,15758,27.9,Monsoon,0,1
2024-08-23,North_Zone,13026,11017,15035,25.5,Monsoon,0,1
2024-08-24,North_Zone,13890,11881,15899,30.0,Monsoon,0,1
2024-08-25,North_Zone,14105,12097,16114,29.2,Monsoon,0,1
2024-08-26,North_Zone,13491,11482,15500,27.3,Monsoon,0,1
2024-08-27,North_Zone,13735,11726,15744,29.0,Monsoon,0,1
2024-08-28,North_Zone,13396,11387,15405,27.4,Monsoon,0,1
2024-08-29,North_Zone,14227,12218,16236,29.5,Monsoon,0,1
2024-08-30,North_Zone,13761,11752,15770,27.8,Monsoon,0,1
2024-08-31,North_Zone,14335,12326,16344,30.1,Monsoon,0,1
2024-09-01,North_Zone,13047,11038,15056,24.2,Autumn,0,1
2024-09-02,North_Zone,12500,10491,14509,18.8,Autumn,0,1
2024-09-03,North_Zone,12546,10537,14555,22.4,Autumn,0,1
2024-09-04,North_Zone,13484,11475,15493,25.9,Autumn,0,1
2024-09-05,North_Zone,12002,9993,14011,20.5,Autumn,0,1
2024-09-06,North_Zone,12310,10302,14319,20.3,Autumn,0,1
2024-09-07,North_Zone,12944,10935,14953,24.4,Autumn,0,1
2024-09-08,North_Zone,13995,11986,16004,28.5,Autumn,0,1
2024-09-09,North_Zone,12645,10636,14653,23.6,Autumn,0,1
2024-09-10,North_Zone,12707,10698,14716,23.6,Autumn,0,1
2024-09-11,North_Zone,12850,10841,14859,23.8,Autumn,0,1
2024-09-12,North_Zone,12353,10344,14362,22.8,Autumn,0,1
2024-09-13,North_Zone,12562,10553,14571,23.4,Autumn,0,1
2024-09-14,North_Zone,12721,10712,14730,23.6,Autumn,0,1
2024-09-15,North_Zone,13408,11399,15417,25.9,Autumn,0,1
2024-09-16,North_Zone,12586,10577,14594,23.4,Autumn,0,1
2024-09-17,North_Zone,12690,10681,14698,21.5,Autumn,0,1
2024-09-18,North_Zone,13673,11665,15682,25.9,Autumn,0,1
2024-09-19,North_Zone,12388,10379,14396,22.8,Autumn,0,1
2024-09-20,North_Zone,12965,10956,14974,24.1,Autumn,0,1
2024-09-21,North_Zone,12987,10978,14996,24.2,Autumn,0,1
2024-09-22,North_Zone,13434,11425,15443,24.8,Autumn,0,1
2024-09-23,North_Zone,12778,10770,14787,23.8,Autumn,0,1
2024-09-24,North_Zone,12724,10715,14733,24.0,Autumn,0,1
2024-09-25,North_Zone,13460,11451,15468,24.9,Autumn,0,1
2024-09-26,North_Zone,13697,11688,15706,26.0,Autumn,0,1
2024-09-27,North_Zone,12444,10435,14452,19.6,Autumn,0,1
2024-09-28,North_Zone,12485,10476,14493,22.6,Autumn,0,1
2024-09-29,North_Zone,13381,11372,15390,25.6,Autumn,0,1
2024-09-30,North_Zone,12386,10377,14395,21.4,Autumn,0,1
2024-10-01,North_Zone,16984,14975,18993,24.1,Autumn,1,1
2024-10-02,North_Zone,17268,15259,19277,24.2,Autumn,1,1
2024-10-03,North_Zone,17209,15200,19218,24.1,Autumn,1,1
2024-10-04,North_Zone,17742,15733,19751,25.4,Autumn,1,1
2024-10-05,North_Zone,13347,11338,15356,25.0,Autumn,0,1
2024-10-06,North_Zone,13436,11427,15445,25.2,Autumn,0,1
2024-10-07,North_Zone,17236,15227,19245,23.5,Autumn,1,1
2024-10-08,North_Zone,17276,15268,19285,23.7,Autumn,1,1
2024-10-09,North_Zone,16992,14983,19001,23.8,Autumn,1,1
2024-10-10,North_Zone,17270,15261,19279,24.0,Autumn,1,1
2024-10-11,North_Zone,17317,15308,19326,23.9,Autumn,1,1
2024-10-12,North_Zone,17752,15743,19761,25.9,Autumn,1,1
2024-10-13,North_Zone,17124,15115,19132,22.5,Autumn,1,1
2024-10-14,North_Zone,17212,15203,19221,22.9,Autumn,1,1
2024-10-15,North_Zone,17153,15145,19162,23.8,Autumn,1,1
2024-10-16,North_Zone,17364,15355,19373,21.9,Autumn,1,1
2024-10-17,North_Zone,18081,16072,20090,26.4,Autumn,1,1
2024-10-18,North_Zone,17934,15925,19943,25.5,Autumn,1,1
2024-10-19,North_Zone,17344,15335,19353,23.5,Autumn,1,1
2024-10-20,North_Zone,17303,15294,19312,21.9,Autumn,1,1
2024-10-21,North_Zone,18006,15997,20015,25.9,Autumn,1,1
2024-10-22,North_Zone,17905,15896,19914,25.5,Autumn,1,1
2024-10-23,North_Zone,17837,15828,19845,24.6,Autumn,1,1
2024-10-24,North_Zone,16808,14800,18817,22.6,Autumn,1,1
2024-10-25,North_Zone,17269,15260,19278,23.6,Autumn,1,1
2024-10-26,North_Zone,17361,15352,19370,23.5,Autumn,1,1
2024-10-27,North_Zone,17894,15885,19903,25.1,Autumn,1,1
2024-10-28,North_Zone,12783,10774,14792,23.9,Autumn,0,1
2024-10-29,North_Zone,17036,15027,19045,22.8,Autumn,1,1
2024-10-30,North_Zone,17776,15767,19785,25.0,Autumn,1,1
2024-10-31,North_Zone,13031,11023,15040,22.5,Autumn,0,1
2024-11-01,North_Zone,17742,15733,19750,24.6,Autumn,1,1
2024-11-02,North_Zone,17197,15188,19205,24.3,Autumn,1,1
2024-11-03,North_Zone,17030,15021,19039,23.0,Autumn,1,1
2024-11-04,North_Zone,18109,16100,20118,27.2,Autumn,1,1
2024-11-05,North_Zone,12404,10395,14413,22.6,Autumn,0,1
2024-11-06,North_Zone,17697,15688,19706,25.7,Autumn,1,1
2024-11-07,North_Zone,17168,15159,19177,22.9,Autumn,1,1
2024-11-08,North_Zone,17308,15299,19317,24.0,Autumn,1,1
2024-11-09,North_Zone,17795,15786,19804,26.1,Autumn,1,1
2024-11-10,North_Zone,16959,14950,18968,23.2,Autumn,1,1
2024-11-11,North_Zone,17400,15391,19409,24.7,Autumn,1,1
2024-11-12,North_Zone,17964,15955,19972,26.6,Autumn,1,1
2024-11-13,North_Zone,17808,15800,19817,25.5,Autumn,1,1
2024-11-14,North_Zone,18086,16077,20095,27.2,Autumn,1,1
2024-11-15,North_Zone,17892,15883,19901,24.6,Autumn,1,1
2024-11-16,North_Zone,17349,15340,19358,24.1,Autumn,1,1
2024-11-17,North_Zone,17392,15383,19400,24.2,Autumn,1,1
2024-11-18,North_Zone,18227,16218,20236,26.7,Autumn,1,1
2024-11-19,North_Zone,17430,15421,19439,22.9,Autumn,1,1
2024-11-20,North_Zone,17197,15188,19205,23.9,Autumn,1,1
2024-11-21,North_Zone,17263,15254,19272,22.3,Autumn,1,1
2024-11-22,North_Zone,17158,15149,19166,24.4,Autumn,1,1
2024-11-23,North_Zone,18173,16164,20182,26.3,Autumn,1,1
2024-11-24,North_Zone,18313,16305,20322,28.5,Autumn,1,1
2024-11-25,North_Zone,18137,16128,20146,26.2,Autumn,1,1
2024-11-26,North_Zone,17179,15170,19188,23.1,Autumn,1,1
2024-11-27,North_Zone,17867,15858,19876,25.9,Autumn,1,1
2024-11-28,North_Zone,17973,15964,19982,25.3,Autumn,1,1
2024-11-29,North_Zone,13695,11686,15704,25.4,Autumn,0,1
2024-11-30,North_Zone,17231,15222,19240,24.4,Autumn,1,1
2024-12-01,North_Zone,10534,8526,12543,12.9,Winter,0,1
2024-12-02,North_Zone,10769,8760,12778,12.0,Winter,0,1
2024-12-03,North_Zone,11633,9624,13642,15.2,Winter,0,1
2024-12-04,North_Zone,11936,9927,13945,16.6,Winter,0,1
2024-12-05,North_Zone,11239,9230,13247,13.0,Winter,0,1
2024-12-06,North_Zone,10864,8856,12873,13.2,Winter,0,1
2024-12-07,North_Zone,11595,9586,13603,15.3,Winter,0,1
2024-12-08,North_Zone,11995,9986,14004,15.4,Winter,0,1
2024-12-09,North_Zone,11155,9146,13164,14.6,Winter,0,1
2024-12-10,North_Zone,11064,9055,13072,13.8,Winter,0,1
2024-12-11,North_Zone,11297,9288,13306,14.7,Winter,0,1
2024-12-12,North_Zone,12386,10377,14395,19.7,Winter,0,1
2024-12-13,North_Zone,11502,9493,13511,16.4,Winter,0,1
2024-12-14,North_Zone,10779,8770,12788,12.6,Winter,0,1
2024-12-15,North_Zone,11799,9790,13808,16.3,Winter,0,1
2024-12-16,North_Zone,11021,9012,13030,14.2,Winter,0,1
2024-12-17,North_Zone,10718,8709,12727,12.9,Winter,0,1
2024-12-18,North_Zone,11801,9792,13810,16.6,Winter,0,1
2024-12-19,North_Zone,10736,8727,12745,13.9,Winter,0,1
2024-12-20,North_Zone,11846,9837,13855,15.9,Winter,0,1
2024-12-21,North_Zone,10771,8762,12780,13.1,Winter,0,1
2024-12-22,North_Zone,11472,9463,13481,14.4,Winter,0,1
2024-12-23,North_Zone,12003,9994,14012,17.7,Winter,0,1
2024-12-24,North_Zone,10986,8977,12995,13.8,Winter,0,1
2024-12-25,North_Zone,11929,9920,13938,16.5,Winter,0,1
2024-12-26,North_Zone,11904,9895,13913,16.7,Winter,0,1
2024-12-27,North_Zone,10800,8791,12809,13.6,Winter,0,1
2024-12-28,North_Zone,10783,8774,12792,14.2,Winter,0,1
2024-12-29,North_Zone,11737,9728,13746,16.3,Winter,0,1
2024-12-30,North_Zone,10693,8684,12702,13.4,Winter,0,1
2024-12-31,North_Zone,12179,10170,14188,17.9,Winter,0,1
2024-01-01,South_Zone,11673,9664,13682,15.3,Winter,0,0
2024-01-02,South_Zone,10664,8655,12673,11.6,Winter,0,0
2024-01-03,South_Zone,12554,10545,14563,17.3,Winter,0,0
2024-01-04,South_Zone,11376,9367,13385,13.5,Winter,0,0
2024-01-05,South_Zone,11931,9922,13940,16.6,Winter,0,0
2024-01-06,South_Zone,11580,9571,13589,14.8,Winter,0,0
2024-01-07,South_Zone,11961,9953,13970,16.3,Winter,0,0
2024-01-08,South_Zone,12198,10190,14207,16.8,Winter,0,0
2024-01-09,South_Zone,11180,9171,13189,13.3,Winter,0,0
2024-01-10,South_Zone,11957,9948,13966,15.2,Winter,0,0
2024-01-11,South_Zone,11537,9528,13546,13.3,Winter,0,0
2024-01-12,South_Zone,11965,9956,13974,15.8,Winter,0,0
2024-01-13,South_Zone,11989,9981,13998,16.0,Winter,0,0
2024-01-14,South_Zone,11755,9746,13764,12.9,Winter,0,0
2024-01-15,South_Zone,11530,9521,13539,13.7,Winter,0,0
2024-01-16,South_Zone,12085,10076,14093,15.8,Winter,0,0
2024-01-17,South_Zone,12100,10091,14108,16.3,Winter,0,0
2024-01-18,South_Zone,11599,9590,13608,14.2,Winter,0,0
2024-01-19,South_Zone,12866,10857,14874,16.9,Winter,0,0
2024-01-20,South_Zone,12070,10061,14079,15.0,Winter,0,0
2024-01-21,South_Zone,12703,10694,14712,17.6,Winter,0,0
2024-01-22,South_Zone,12290,10281,14299,16.3,Winter,0,0
2024-01-23,South_Zone,12122,10113,14131,16.5,Winter,0,0
2024-01-24,South_Zone,11815,9806,13824,14.8,Winter,0,0
2024-01-25,South_Zone,11853,9844,13862,14.5,Winter,0,0
2024-01-26,South_Zone,11994,9985,14003,15.4,Winter,0,0
2024-01-27,South_Zone,11600,9591,13609,13.5,Winter,0,0
2024-01-28,South_Zone,12150,10141,14159,15.9,Winter,0,0
2024-01-29,South_Zone,11663,9654,13671,12.2,Winter,0,0
2024-01-30,South_Zone,11911,9903,13920,15.1,Winter,0,0
2024-01-31,South_Zone,12139,10131,14148,16.0,Winter,0,0
2024-02-01,South_Zone,11932,9923,13940,15.5,Winter,0,0
2024-02-02,South_Zone,11856,9847,13865,15.6,Winter,0,0
2024-02-03,South_Zone,12102,10093,14111,16.1,Winter,0,0
2024-02-04,South_Zone,11745,9736,13754,14.4,Winter,0,0
2024-02-05,South_Zone,11608,9599,13617,14.1,Winter,0,0
2024-02-06,South_Zone,11779,9770,13788,14.8,Winter,0,0
2024-02-07,South_Zone,11596,9587,13605,13.3,Winter,0,0
2024-02-08,South_Zone,12454,10445,14463,17.4,Winter,0,0
2024-02-09,South_Zone,12814,10805,14823,18.4,Winter,0,0
2024-02-10,South_Zone,11829,9820,13837,14.4,Winter,0,0
2024-02-11,South_Zone,11992,9983,14000,15.7,Winter,0,0
2024-02-12,South_Zone,12031,10022,14040,15.6,Winter,0,0
2024-02-13,South_Zone,12118,10109,14126,15.6,Winter,0,0
2024-02-14,South_Zone,11898,9889,13907,15.9,Winter,0,0
2024-02-15,South_Zone,12010,10001,14019,16.6,Winter,0,0
2024-02-16,South_Zone,11855,9846,13863,15.5,Winter,0,0
2024-02-17,South_Zone,12927,10918,14936,18.3,Winter,0,0
2024-02-18,South_Zone,12218,10209,14227,15.5,Winter,0,0
2024-02-19,South_Zone,13010,11001,15019,19.2,Winter,0,0
2024-02-20,South_Zone,12077,10068,14086,15.1,Winter,0,0
2024-02-21,South_Zone,11860,9851,13869,15.7,Winter,0,0
2024-02-22,South_Zone,12125,10116,14134,16.3,Winter,0,0
2024-02-23,South_Zone,13203,11194,15212,18.5,Winter,0,0
2024-02-24,South_Zone,11916,9907,13925,14.5,Winter,0,0
2024-02-25,South_Zone,12126,10117,14135,16.1,Winter,0,0
2024-02-26,South_Zone,12068,10059,14077,14.1,Winter,0,0
2024-02-27,South_Zone,11958,9950,13967,14.9,Winter,0,0
2024-02-28,South_Zone,12021,10012,14030,16.0,Winter,0,0
2024-02-29,South_Zone,12021,10012,14030,16.0,Winter,0,0
2024-03-01,South_Zone,20619,18610,22628,36.4,Summer,1,0
2024-03-02,South_Zone,20313,18304,22322,34.8,Summer,1,0
2024-03-03,South_Zone,17502,15493,19510,35.0,Summer,0,0
2024-03-04,South_Zone,17754,15745,19763,34.8,Summer,0,0
2024-03-05,South_Zone,16305,14296,18314,32.4,Summer,0,0
2024-03-06,South_Zone,20428,18419,22437,37.6,Summer,1,0
2024-03-07,South_Zone,19838,17829,21847,34.0,Summer,1,0
2024-03-08,South_Zone,20513,18505,22522,36.6,Summer,1,0
2024-03-09,South_Zone,16703,14694,18712,33.3,Summer,0,0
2024-03-10,South_Zone,20557,18548,22566,35.7,Summer,1,0
2024-03-11,South_Zone,17639,15630,19648,34.5,Summer,0,0
2024-03-12,South_Zone,16734,14725,18743,31.2,Summer,0,0
2024-03-13,South_Zone,18101,16092,20110,37.2,Summer,0,0
2024-03-14,South_Zone,19360,17351,21369,32.3,Summer,1,0
2024-03-15,South_Zone,20837,18828,22846,38.0,Summer,1,0
2024-03-16,South_Zone,16644,14635,18653,32.1,Summer,0,0
2024-03-17,South_Zone,17221,15212,19230,35.8,Summer,0,0
2024-03-18,South_Zone,16476,14467,18485,32.9,Summer,0,0
2024-03-19,South_Zone,18346,16337,20354,37.7,Summer,0,0
2024-03-20,South_Zone,16327,14319,18336,30.2,Summer,0,0
2024-03-21,South_Zone,17338,15329,19347,34.9,Summer,0,0
2024-03-22,South_Zone,19561,17552,21570,34.6,Summer,1,0
2024-03-23,South_Zone,19626,17617,21635,33.0,Summer,1,0
2024-03-24,South_Zone,19299,17290,21307,31.7,Summer,1,0
2024-03-25,South_Zone,17318,15309,19327,35.3,Summer,0,0
2024-03-26,South_Zone,20362,18353,22371,36.7,Summer,1,0
2024-03-27,South_Zone,17317,15308,19325,35.7,Summer,0,0
2024-03-28,South_Zone,19988,17979,21997,36.2,Summer,1,0
2024-03-29,South_Zone,17526,15518,19535,36.5,Summer,0,0
2024-03-30,South_Zone,17671,15662,19680,36.1,Summer,0,0
2024-03-31,South_Zone,20371,18363,22380,35.4,Summer,1,0
2024-04-01,South_Zone,16343,14334,18352,31.1,Summer,0,0
2024-04-02,South_Zone,18210,16201,20219,39.0,Summer,0,0
2024-04-03,South_Zone,16942,14934,18951,35.8,Summer,0,0
2024-04-04,South_Zone,17749,15740,19758,35.8,Summer,0,0
2024-04-05,South_Zone,18273,16264,20282,38.5,Summer,0,0
2024-04-06,South_Zone,17816,15807,19824,38.8,Summer,0,0
2024-04-07,South_Zone,17054,15045,19063,35.7,Summer,0,0
2024-04-08,South_Zone,17345,15336,19354,35.5,Summer,0,0
2024-04-09,South_Zone,16457,14448,18465,32.9,Summer,0,0
2024-04-10,South_Zone,17454,15445,19463,35.8,Summer,0,0
2024-04-11,South_Zone,15989,13980,17998,33.6,Summer,0,0
2024-04-12,South_Zone,16457,14449,18466,32.6,Summer,0,0
2024-04-13,South_Zone,16178,14169,18187,33.6,Summer,0,0
2024-04-14,South_Zone,16767,14758,18776,34.9,Summer,0,0
2024-04-15,South_Zone,17884,15875,19893,37.4,Summer,0,0
2024-04-16,South_Zone,18019,16010,20027,37.1,Summer,0,0
2024-04-17,South_Zone,16738,14729,18746,33.7,Summer,0,0
2024-04-18,South_Zone,15422,13413,17431,29.7,Summer,0,0
2024-04-19,South_Zone,16632,14623,18641,34.1,Summer,0,0
2024-04-20,South_Zone,15887,13878,17895,29.8,Summer,0,0
2024-04-21,South_Zone,16360,14351,18368,30.5,Summer,0,0
2024-04-22,South_Zone,18150,16141,20159,38.3,Summer,0,0
2024-04-23,South_Zone,18000,15991,20009,37.7,Summer,0,0
2024-04-24,South_Zone,16595,14587,18604,33.3,Summer,0,0
2024-04-25,South_Zone,16585,14576,18593,35.3,Summer,0,0
2024-04-26,South_Zone,17051,15042,19060,36.3,Summer,0,0
2024-04-27,South_Zone,16471,14462,18480,32.1,Summer,0,0
2024-04-28,South_Zone,16443,14434,18452,31.9,Summer,0,0
2024-04-29,South_Zone,18016,16007,20025,37.7,Summer,0,0
2024-04-30,South_Zone,16589,14580,18598,35.2,Summer,0,0
2024-05-01,South_Zone,16910,14901,18919,33.6,Summer,0,0
2024-05-02,South_Zone,17595,15586,19604,35.5,Summer,0,0
2024-05-03,South_Zone,16499,14490,18508,31.2,Summer,0,0
2024-05-04,South_Zone,17328,15319,19336,35.1,Summer,0,0
2024-05-05,South_Zone,16798,14789,18807,35.1,Summer,0,0
2024-05-06,South_Zone,16036,14027,18045,30.3,Summer,0,0
2024-05-07,South_Zone,17403,15394,19412,35.6,Summer,0,0
2024-05-08,South_Zone,16892,14883,18901,34.7,Summer,0,0
2024-05-09,South_Zone,16759,14750,18768,34.5,Summer,0,0
2024-05-10,South_Zone,18287,16278,20296,39.5,Summer,0,0
2024-05-11,South_Zone,17879,15870,19888,36.0,Summer,0,0
2024-05-12,South_Zone,17255,15247,19264,36.0,Summer,0,0
2024-05-13,South_Zone,16067,14058,18076,31.2,Summer,0,0
2024-05-14,South_Zone,17911,15902,19920,37.5,Summer,0,0
2024-05-15,South_Zone,17758,15749,19767,36.8,Summer,0,0
2024-05-16,South_Zone,17706,15697,19714,35.7,Summer,0,0
2024-05-17,South_Zone,17655,15646,19664,36.5,Summer,0,0
2024-05-18,South_Zone,16858,14849,18866,33.6,Summer,0,0
2024-05-19,South_Zone,16699,14690,18707,33.7,Summer,0,0
2024-05-20,South_Zone,18197,16188,20206,38.3,Summer,0,0
2024-05-21,South_Zone,17467,15459,19476,35.9,Summer,0,0
2024-05-22,South_Zone,16683,14674,18692,35.2,Summer,0,0
2024-05-23,South_Zone,18132,16123,20140,40.1,Summer,0,0
2024-05-24,South_Zone,16026,14017,18034,30.6,Summer,0,0
2024-05-25,South_Zone,17425,15417,19434,37.1,Summer,0,0
2024-05-26,South_Zone,16819,14810,18827,33.3,Summer,0,0
2024-05-27,South_Zone,18236,16227,20244,38.4,Summer,0,0
2024-05-28,South_Zone,17356,15347,19364,35.1,Summer,0,0
2024-05-29,South_Zone,17349,15340,19358,35.0,Summer,0,0
2024-05-30,South_Zone,16822,14813,18831,34.3,Summer,0,0
2024-05-31,South_Zone,16949,14940,18957,33.3,Summer,0,0
2024-06-01,South_Zone,14162,12153,16171,26.8,Monsoon,0,0
2024-06-02,South_Zone,13836,11827,15845,25.8,Monsoon,0,0
2024-06-03,South_Zone,14622,12614,16631,28.7,Monsoon,0,0
2024-06-04,South_Zone,14243,12234,16251,28.0,Monsoon,0,0
2024-06-05,South_Zone,14263,12254,16272,26.7,Monsoon,0,0
2024-06-06,South_Zone,15125,13116,17134,31.1,Monsoon,0,0
2024-06-07,South_Zone,15039,13030,17048,31.4,Monsoon,0,0
2024-06-08,South_Zone,14493,12484,16501,28.9,Monsoon,0,0
2024-06-09,South_Zone,14568,12559,16577,27.1,Monsoon,0,0
2024-06-10,South_Zone,14423,12414,16432,28.7,Monsoon,0,0
2024-06-11,South_Zone,14702,12693,16711,29.6,Monsoon,0,0
2024-06-12,South_Zone,14359,12350,16368,29.0,Monsoon,0,0
2024-06-13,South_Zone,14318,12309,16327,29.1,Monsoon,0,0
2024-06-14,South_Zone,14343,12334,16352,28.9,Monsoon,0,0
2024-06-15,South_Zone,14946,12937,16954,30.1,Monsoon,0,0
2024-06-16,South_Zone,14454,12445,16463,28.2,Monsoon,0,0
2024-06-17,South_Zone,13618,11609,15627,25.6,Monsoon,0,0
2024-06-18,South_Zone,14272,12263,16281,26.5,Monsoon,0,0
2024-06-19,South_Zone,14681,12672,16690,29.4,Monsoon,0,0
2024-06-20,South_Zone,14031,12022,16040,25.1,Monsoon,0,0
2024-06-21,South_Zone,14077,12068,16086,26.3,Monsoon,0,0
2024-06-22,South_Zone,14048,12039,16056,26.8,Monsoon,0,0
2024-06-23,South_Zone,14070,12061,16079,27.5,Monsoon,0,0
2024-06-24,South_Zone,15194,13185,17203,31.3,Monsoon,0,0
2024-06-25,South_Zone,14338,12329,16346,27.6,Monsoon,0,0
2024-06-26,South_Zone,15175,13166,17183,31.9,Monsoon,0,0
2024-06-27,South_Zone,14413,12405,16422,28.5,Monsoon,0,0
2024-06-28,South_Zone,14255,12246,16264,28.8,Monsoon,0,0
2024-06-29,South_Zone,14096,12087,16105,26.2,Monsoon,0,0
2024-06-30,South_Zone,14452,12444,16461,26.9,Monsoon,0,0
2024-07-01,South_Zone,14201,12193,16210,27.2,Monsoon,0,0
2024-07-02,South_Zone,13719,11710,15727,24.6,Monsoon,0,0
2024-07-03,South_Zone,14342,12333,16351,28.9,Monsoon,0,0
2024-07-04,South_Zone,14287,12279,16296,28.6,Monsoon,0,0
2024-07-05,South_Zone,14028,12019,16037,26.3,Monsoon,0,0
2024-07-06,South_Zone,15335,13326,17344,31.7,Monsoon,0,0
2024-07-07,South_Zone,14132,12123,16141,26.9,Monsoon,0,0
2024-07-08,South_Zone,14624,12615,16633,29.1,Monsoon,0,0
2024-07-09,South_Zone,13920,11911,15929,25.0,Monsoon,0,0
2024-07-10,South_Zone,14679,12670,16688,29.4,Monsoon,0,0
2024-07-11,South_Zone,14302,12294,16311,27.9,Monsoon,0,0
2024-07-12,South_Zone,13892,11883,15900,26.3,Monsoon,0,0
2024-07-13,South_Zone,14718,12709,16727,30.1,Monsoon,0,0
2024-07-14,South_Zone,14256,12247,16265,27.6,Monsoon,0,0
2024-07-15,South_Zone,14139,12130,16148,27.4,Monsoon,0,0
2024-07-16,South_Zone,14602,12593,16611,27.0,Monsoon,0,0
2024-07-17,South_Zone,14201,12193,16210,28.1,Monsoon,0,0
2024-07-18,South_Zone,13776,11767,15785,26.1,Monsoon,0,0
2024-07-19,South_Zone,13731,11722,15739,25.7,Monsoon,0,0
2024-07-20,South_Zone,13987,11978,15996,26.6,Monsoon,0,0
2024-07-21,South_Zone,14832,12823,16841,29.9,Monsoon,0,0
2024-07-22,South_Zone,14230,12221,16239,28.4,Monsoon,0,0
2024-07-23,South_Zone,14079,12070,16088,27.3,Monsoon,0,0
2024-07-24,South_Zone,14594,12585,16602,29.4,Monsoon,0,0
2024-07-25,South_Zone,14292,12283,16301,27.4,Monsoon,0,0
2024-07-26,South_Zone,15100,13091,17109,32.2,Monsoon,0,0
2024-07-27,South_Zone,14156,12148,16165,26.6,Monsoon,0,0
2024-07-28,South_Zone,14503,12494,16511,29.0,Monsoon,0,0
2024-07-29,South_Zone,14484,12475,16493,27.9,Monsoon,0,0
2024-07-30,South_Zone,14281,12272,16290,28.0,Monsoon,0,0
2024-07-31,South_Zone,15078,13069,17087,31.3,Monsoon,0,0
2024-08-01,South_Zone,15064,13055,17073,30.8,Monsoon,0,0
2024-08-02,South_Zone,14762,12753,16771,29.6,Monsoon,0,0
2024-08-03,South_Zone,14496,12487,16505,29.1,Monsoon,0,0
2024-08-04,South_Zone,14545,12536,16554,29.1,Monsoon,0,0
2024-08-05,South_Zone,14209,12200,16218,27.3,Monsoon,0,0
2024-08-06,South_Zone,14441,12432,16450,29.1,Monsoon,0,0
2024-08-07,South_Zone,14262,12253,16271,28.0,Monsoon,0,0
2024-08-08,South_Zone,14874,12865,16883,29.2,Monsoon,0,0
2024-08-09,South_Zone,14309,12300,16318,28.9,Monsoon,0,0
2024-08-10,South_Zone,14691,12682,16700,29.8,Monsoon,0,0
2024-08-11,South_Zone,13668,11659,15677,25.9,Monsoon,0,0
2024-08-12,South_Zone,15394,13385,17402,31.6,Monsoon,0,0
2024-08-13,South_Zone,14432,12423,16441,28.8,Monsoon,0,0
2024-08-14,South_Zone,14376,12367,16385,27.5,Monsoon,0,0
2024-08-15,South_Zone,14144,12135,16153,28.4,Monsoon,0,0
2024-08-16,South_Zone,14310,12301,16319,28.5,Monsoon,0,0
2024-08-17,South_Zone,13933,11924,15942,26.2,Monsoon,0,0
2024-08-18,South_Zone,14761,12753,16770,29.8,Monsoon,0,0
2024-08-19,South_Zone,14032,12023,16041,27.0,Monsoon,0,0
2024-08-20,South_Zone,14756,12747,16765,29.9,Monsoon,0,0
2024-08-21,South_Zone,14606,12597,16615,29.6,Monsoon,0,0
2024-08-22,South_Zone,13950,11941,15959,27.4,Monsoon,0,0
2024-08-23,South_Zone,13801,11792,15810,25.4,Monsoon,0,0
2024-08-24,South_Zone,14269,12260,16277,28.5,Monsoon,0,0
2024-08-25,South_Zone,14259,12250,16268,27.9,Monsoon,0,0
2024-08-26,South_Zone,14385,12376,16394,28.9,Monsoon,0,0
2024-08-27,South_Zone,14246,12237,16255,27.4,Monsoon,0,0
2024-08-28,South_Zone,14850,12841,16859,32.2,Monsoon,0,0
2024-08-29,South_Zone,14639,12630,16648,30.5,Monsoon,0,0
2024-08-30,South_Zone,14168,12159,16177,27.1,Monsoon,0,0
2024-08-31,South_Zone,14503,12494,16512,28.2,Monsoon,0,0
2024-09-01,South_Zone,14167,12158,16176,24.5,Autumn,0,0
2024-09-02,South_Zone,13794,11785,15803,25.1,Autumn,0,0
2024-09-03,South_Zone,13666,11657,15675,23.0,Autumn,0,0
2024-09-04,South_Zone,13766,11757,15775,24.1,Autumn,0,0
2024-09-05,South_Zone,13693,11684,15702,23.6,Autumn,0,0
2024-09-06,South_Zone,13717,11708,15726,22.6,Autumn,0,0
2024-09-07,South_Zone,13835,11826,15844,24.4,Autumn,0,0
2024-09-08,South_Zone,13714,11705,15722,24.2,Autumn,0,0
2024-09-09,South_Zone,13401,11392,15410,21.8,Autumn,0,0
2024-09-10,South_Zone,14147,12139,16156,25.0,Autumn,0,0
2024-09-11,South_Zone,14580,12572,16589,26.8,Autumn,0,0
2024-09-12,South_Zone,13801,11792,15809,24.1,Autumn,0,0
2024-09-13,South_Zone,13966,11957,15974,25.7,Autumn,0,0
2024-09-14,South_Zone,14702,12693,16711,27.1,Autumn,0,0
2024-09-15,South_Zone,13834,11825,15843,24.4,Autumn,0,0
2024-09-16,South_Zone,13958,11950,15967,25.5,Autumn,0,0
2024-09-17,South_Zone,13706,11697,15715,23.0,Autumn,0,0
2024-09-18,South_Zone,13517,11508,15526,23.3,Autumn,0,0
2024-09-19,South_Zone,13577,11568,15586,24.0,Autumn,0,0
2024-09-20,South_Zone,13803,11794,15812,23.1,Autumn,0,0
2024-09-21,South_Zone,13619,11610,15628,23.3,Autumn,0,0
2024-09-22,South_Zone,13766,11757,15774,23.5,Autumn,0,0
2024-09-23,South_Zone,13650,11641,15659,23.0,Autumn,0,0
2024-09-24,South_Zone,13549,11540,15558,23.3,Autumn,0,0
2024-09-25,South_Zone,14039,12031,16048,24.7,Autumn,0,0
2024-09-26,South_Zone,13854,11845,15862,25.2,Autumn,0,0
2024-09-27,South_Zone,13755,11747,15764,24.3,Autumn,0,0
2024-09-28,South_Zone,13643,11634,15652,22.7,Autumn,0,0
2024-09-29,South_Zone,13835,11826,15844,24.6,Autumn,0,0
2024-09-30,South_Zone,13824,11815,15833,25.3,Autumn,0,0
2024-10-01,South_Zone,17576,15567,19585,24.1,Autumn,1,0
2024-10-02,South_Zone,18231,16222,20239,25.5,Autumn,1,0
2024-10-03,South_Zone,17932,15923,19941,24.3,Autumn,1,0
2024-10-04,South_Zone,18127,16118,20136,24.6,Autumn,1,0
2024-10-05,South_Zone,13943,11934,15952,25.0,Autumn,0,0
2024-10-06,South_Zone,13832,11824,15841,22.3,Autumn,0,0
2024-10-07,South_Zone,17416,15408,19425,22.2,Autumn,1,0
2024-10-08,South_Zone,17975,15966,19984,25.1,Autumn,1,0
2024-10-09,South_Zone,17548,15539,19557,22.1,Autumn,1,0
2024-10-10,South_Zone,17254,15245,19263,24.3,Autumn,1,0
2024-10-11,South_Zone,17349,15340,19357,22.6,Autumn,1,0
2024-10-12,South_Zone,17468,15459,19477,23.5,Autumn,1,0
2024-10-13,South_Zone,18350,16341,20359,27.0,Autumn,1,0
2024-10-14,South_Zone,17660,15651,19669,22.4,Autumn,1,0
2024-10-15,South_Zone,17915,15906,19923,26.6,Autumn,1,0
2024-10-16,South_Zone,16082,14073,18091,19.1,Autumn,1,0
2024-10-17,South_Zone,17393,15384,19402,24.1,Autumn,1,0
2024-10-18,South_Zone,17366,15357,19375,24.3,Autumn,1,0
2024-10-19,South_Zone,17461,15452,19470,23.2,Autumn,1,0
2024-10-20,South_Zone,17868,15859,19877,25.7,Autumn,1,0
2024-10-21,South_Zone,17405,15396,19414,23.6,Autumn,1,0
2024-10-22,South_Zone,17301,15292,19310,24.3,Autumn,1,0
2024-10-23,South_Zone,17605,15597,19614,23.1,Autumn,1,0
2024-10-24,South_Zone,18085,16076,20094,25.9,Autumn,1,0
2024-10-25,South_Zone,17416,15407,19425,22.7,Autumn,1,0
2024-10-26,South_Zone,17626,15617,19635,24.5,Autumn,1,0
2024-10-27,South_Zone,17334,15325,19342,21.8,Autumn,1,0
2024-10-28,South_Zone,13547,11538,15555,23.1,Autumn,0,0
2024-10-29,South_Zone,17498,15489,19507,24.2,Autumn,1,0
2024-10-30,South_Zone,18089,16080,20098,25.5,Autumn,1,0
2024-10-31,South_Zone,14201,12192,16210,26.0,Autumn,0,0
2024-11-01,South_Zone,17317,15309,19326,23.2,Autumn,1,0
2024-11-02,South_Zone,17554,15545,19562,23.2,Autumn,1,0
2024-11-03,South_Zone,18361,16352,20369,27.9,Autumn,1,0
2024-11-04,South_Zone,17424,15415,19433,24.1,Autumn,1,0
2024-11-05,South_Zone,13614,11605,15623,23.1,Autumn,0,0
2024-11-06,South_Zone,17471,15462,19480,24.0,Autumn,1,0
2024-11-07,South_Zone,17464,15455,19473,23.0,Autumn,1,0
2024-11-08,South_Zone,18278,16269,20286,27.5,Autumn,1,0
2024-11-09,South_Zone,17609,15600,19618,23.5,Autumn,1,0
2024-11-10,South_Zone,18206,16197,20215,26.9,Autumn,1,0
2024-11-11,South_Zone,18108,16100,20117,25.5,Autumn,1,0
2024-11-12,South_Zone,17637,15628,19646,24.3,Autumn,1,0
2024-11-13,South_Zone,18087,16079,20096,25.8,Autumn,1,0
2024-11-14,South_Zone,17700,15691,19709,22.8,Autumn,1,0
2024-11-15,South_Zone,18655,16646,20664,27.7,Autumn,1,0
2024-11-16,South_Zone,17883,15874,19892,22.8,Autumn,1,0
2024-11-17,South_Zone,17998,15989,20007,24.8,Autumn,1,0
2024-11-18,South_Zone,17042,15034,19051,21.0,Autumn,1,0
2024-11-19,South_Zone,18364,16355,20373,26.2,Autumn,1,0
2024-11-20,South_Zone,17899,15890,19908,23.3,Autumn,1,0
2024-11-21,South_Zone,17798,15789,19807,24.3,Autumn,1,0
2024-11-22,South_Zone,17970,15961,19978,23.0,Autumn,1,0
2024-11-23,South_Zone,17948,15939,19957,22.7,Autumn,1,0
2024-11-24,South_Zone,17091,15082,19100,21.5,Autumn,1,0
2024-11-25,South_Zone,18447,16438,20456,24.4,Autumn,1,0
2024-11-26,South_Zone,17105,15096,19113,21.5,Autumn,1,0
2024-11-27,South_Zone,17744,15735,19753,23.5,Autumn,1,0
2024-11-28,South_Zone,18415,16406,20424,25.6,Autumn,1,0
2024-11-29,South_Zone,13528,11519,15537,23.4,Autumn,0,0
2024-11-30,South_Zone,18612,16604,20621,26.5,Autumn,1,0
2024-12-01,South_Zone,10812,8803,12821,10.6,Winter,0,0
2024-12-02,South_Zone,11932,9923,13941,14.8,Winter,0,0
2024-12-03,South_Zone,11721,9713,13730,14.2,Winter,0,0
2024-12-04,South_Zone,11574,9565,13583,14.7,Winter,0,0
2024-12-05,South_Zone,11865,9856,13874,15.8,Winter,0,0
2024-12-06,South_Zone,11645,9637,13654,14.2,Winter,0,0
2024-12-07,South_Zone,12045,10036,14054,15.1,Winter,0,0
2024-12-08,South_Zone,11718,9709,13727,14.6,Winter,0,0
2024-12-09,South_Zone,11907,9899,13916,14.8,Winter,0,0
2024-12-10,South_Zone,11812,9803,13820,13.6,Winter,0,0
2024-12-11,South_Zone,11779,9770,13788,14.6,Winter,0,0
2024-12-12,South_Zone,11694,9685,13702,13.1,Winter,0,0
2024-12-13,South_Zone,12703,10694,14712,17.2,Winter,0,0
2024-12-14,South_Zone,12722,10713,14731,18.4,Winter,0,0
2024-12-15,South_Zone,12644,10635,14653,17.3,Winter,0,0
2024-12-16,South_Zone,11729,9720,13738,14.2,Winter,0,0
2024-12-17,South_Zone,11801,9792,13810,15.0,Winter,0,0
2024-12-18,South_Zone,11937,9928,13946,15.9,Winter,0,0
2024-12-19,South_Zone,11860,9851,13869,15.0,Winter,0,0
2024-12-20,South_Zone,10865,8856,12874,10.9,Winter,0,0
2024-12-21,South_Zone,11912,9903,13921,16.0,Winter,0,0
2024-12-22,South_Zone,10710,8701,12719,10.3,Winter,0,0
2024-12-23,South_Zone,12328,10319,14337,17.4,Winter,0,0
2024-12-24,South_Zone,11838,9829,13847,13.3,Winter,0,0
2024-12-25,South_Zone,12630,10621,14638,17.0,Winter,0,0
2024-12-26,South_Zone,12444,10435,14452,14.9,Winter,0,0
2024-12-27,South_Zone,11442,9433,13451,12.3,Winter,0,0
2024-12-28,South_Zone,11559,9550,13568,14.3,Winter,0,0
2024-12-29,South_Zone,12556,10547,14564,17.6,Winter,0,0
2024-12-30,South_Zone,12040,10032,14049,16.1,Winter,0,0
2024-12-31,South_Zone,12531,10522,14540,16.7,Winter,0,0
2024-01-01,East_Zone,9060,7051,11069,16.1,Winter,0,0
2024-01-02,East_Zone,8540,6531,10549,14.8,Winter,0,0
2024-01-03,East_Zone,8630,6622,10639,12.6,Winter,0,0
2024-01-04,East_Zone,8219,6210,10228,13.5,Winter,0,0
2024-01-05,East_Zone,8486,6478,10495,14.7,Winter,0,0
2024-01-06,East_Zone,8673,6664,10682,14.6,Winter,0,0
2024-01-07,East_Zone,8857,6848,10866,15.4,Winter,0,0
2024-01-08,East_Zone,8786,6777,10795,14.6,Winter,0,0
2024-01-09,East_Zone,9152,7143,11161,17.2,Winter,0,0
2024-01-10,East_Zone,7691,5682,9700,11.2,Winter,0,0
2024-01-11,East_Zone,8805,6796,10814,15.6,Winter,0,0
2024-01-12,East_Zone,8987,6978,10995,16.1,Winter,0,0
2024-01-13,East_Zone,8518,6509,10527,14.0,Winter,0,0
2024-01-14,East_Zone,8634,6626,10643,14.4,Winter,0,0
2024-01-15,East_Zone,9400,7391,11409,16.7,Winter,0,0
2024-01-16,East_Zone,9130,7121,11139,15.7,Winter,0,0
2024-01-17,East_Zone,9046,7037,11055,15.5,Winter,0,0
2024-01-18,East_Zone,8843,6834,10852,15.0,Winter,0,0
2024-01-19,East_Zone,9289,7280,11298,16.3,Winter,0,0
2024-01-20,East_Zone,8734,6725,10742,14.2,Winter,0,0
2024-01-21,East_Zone,8520,6511,10528,12.6,Winter,0,0
2024-01-22,East_Zone,9028,7019,11037,14.7,Winter,0,0
2024-01-23,East_Zone,8989,6980,10998,14.8,Winter,0,0
2024-01-24,East_Zone,8323,6314,10332,12.4,Winter,0,0
2024-01-25,East_Zone,8691,6682,10700,15.1,Winter,0,0
2024-01-26,East_Zone,9350,7341,11358,16.3,Winter,0,0
2024-01-27,East_Zone,9428,7419,11437,16.1,Winter,0,0
2024-01-28,East_Zone,9369,7360,11378,16.2,Winter,0,0
2024-01-29,East_Zone,7706,5697,9715,11.3,Winter,0,0
2024-01-30,East_Zone,9289,7281,11298,16.6,Winter,0,0
2024-01-31,East_Zone,8959,6950,10967,15.2,Winter,0,0
2024-02-01,East_Zone,9805,7796,11813,18.1,Winter,0,0
2024-02-02,East_Zone,9033,7024,11041,15.6,Winter,0,0
2024-02-03,East_Zone,8190,6181,10199,13.0,Winter,0,0
2024-02-04,East_Zone,7806,5797,9815,11.8,Winter,0,0
2024-02-05,East_Zone,8568,6559,10577,13.4,Winter,0,0
2024-02-06,East_Zone,8318,6309,10326,12.1,Winter,0,0
2024-02-07,East_Zone,8245,6236,10254,13.4,Winter,0,0
2024-02-08,East_Zone,8642,6633,10651,15.4,Winter,0,0
2024-02-09,East_Zone,8756,6747,10765,15.3,Winter,0,0
2024-02-10,East_Zone,8960,6951,10969,16.1,Winter,0,0
2024-02-11,East_Zone,9181,7172,11190,16.2,Winter,0,0
2024-02-12,East_Zone,8896,6887,10905,14.5,Winter,0,0
2024-02-13,East_Zone,9295,7286,11304,16.0,Winter,0,0
2024-02-14,East_Zone,8963,6954,10972,15.7,Winter,0,0
2024-02-15,East_Zone,7856,5847,9865,11.6,Winter,0,0
2024-02-16,East_Zone,8511,6502,10520,13.3,Winter,0,0
2024-02-17,East_Zone,9021,7013,11030,14.4,Winter,0,0
2024-02-18,East_Zone,9169,7160,11178,15.5,Winter,0,0
2024-02-19,East_Zone,8169,6160,10178,12.5,Winter,0,0
2024-02-20,East_Zone,9524,7516,11533,16.6,Winter,0,0
2024-02-21,East_Zone,8809,6800,10817,15.9,Winter,0,0
2024-02-22,East_Zone,8967,6958,10976,15.2,Winter,0,0
2024-02-23,East_Zone,10204,8195,12213,19.2,Winter,0,0
2024-02-24,East_Zone,9486,7477,11495,17.4,Winter,0,0
2024-02-25,East_Zone,9433,7424,11441,17.1,Winter,0,0
2024-02-26,East_Zone,9218,7209,11227,15.1,Winter,0,0
2024-02-27,East_Zone,9591,7582,11600,16.3,Winter,0,0
2024-02-28,East_Zone,8848,6839,10857,14.2,Winter,0,0
2024-02-29,East_Zone,8848,6839,10857,14.2,Winter,0,0
2024-03-01,East_Zone,17629,15620,19638,36.6,Summer,1,0
2024-03-02,East_Zone,17720,15711,19729,36.4,Summer,1,0
2024-03-03,East_Zone,13701,11692,15709,33.9,Summer,0,0
2024-03-04,East_Zone,14487,12478,16495,37.1,Summer,0,0
2024-03-05,East_Zone,13563,11554,15572,34.9,Summer,0,0
2024-03-06,East_Zone,17312,15303,19321,29.4,Summer,1,0
2024-03-07,East_Zone,16738,14729,18747,32.0,Summer,1,0
2024-03-08,East_Zone,17086,15077,19095,32.8,Summer,1,0
2024-03-09,East_Zone,14054,12045,16062,38.3,Summer,0,0
2024-03-10,East_Zone,17173,15164,19182,35.3,Summer,1,0
2024-03-11,East_Zone,13818,11809,15826,33.8,Summer,0,0
2024-03-12,East_Zone,14613,12604,16622,38.2,Summer,0,0
2024-03-13,East_Zone,14664,12655,16672,38.8,Summer,0,0
2024-03-14,East_Zone,17447,15438,19456,36.3,Summer,1,0
2024-03-15,East_Zone,16812,14803,18820,34.8,Summer,1,0
2024-03-16,East_Zone,13710,11701,15719,33.7,Summer,0,0
2024-03-17,East_Zone,12727,10718,14736,29.9,Summer,0,0
2024-03-18,East_Zone,15349,13340,17358,40.6,Summer,0,0
2024-03-19,East_Zone,13799,11790,15808,33.8,Summer,0,0
2024-03-20,East_Zone,14132,12123,16140,36.3,Summer,0,0
2024-03-21,East_Zone,13314,11305,15323,33.0,Summer,0,0
2024-03-22,East_Zone,16724,14715,18733,33.7,Summer,1,0
2024-03-23,East_Zone,17415,15407,19424,36.1,Summer,1,0
2024-03-24,East_Zone,17056,15047,19065,30.5,Summer,1,0
2024-03-25,East_Zone,13630,11621,15639,33.9,Summer,0,0
2024-03-26,East_Zone,16772,14763,18781,32.9,Summer,1,0
2024-03-27,East_Zone,14083,12074,16091,36.7,Summer,0,0
2024-03-28,East_Zone,17012,15003,19021,33.4,Summer,1,0
2024-03-29,East_Zone,13933,11924,15942,35.9,Summer,0,0
2024-03-30,East_Zone,13389,11380,15398,33.7,Summer,0,0
2024-03-31,East_Zone,17478,15469,19487,36.9,Summer,1,0
2024-04-01,East_Zone,13664,11655,15673,33.5,Summer,0,0
2024-04-02,East_Zone,14168,12159,16177,37.4,Summer,0,0
2024-04-03,East_Zone,15032,13023,17041,41.5,Summer,0,0
2024-04-04,East_Zone,14208,12199,16217,37.3,Summer,0,0
2024-04-05,East_Zone,14404,12395,16413,38.9,Summer,0,0
2024-04-06,East_Zone,13560,11551,15569,32.6,Summer,0,0
2024-04-07,East_Zone,13348,11339,15357,33.7,Summer,0,0
2024-04-08,East_Zone,13282,11273,15291,34.6,Summer,0,0
2024-04-09,East_Zone,14245,12236,16254,38.9,Summer,0,0
2024-04-10,East_Zone,13260,11251,15269,32.6,Summer,0,0
2024-04-11,East_Zone,13385,11376,15394,32.9,Summer,0,0
2024-04-12,East_Zone,13833,11824,15842,36.5,Summer,0,0
2024-04-13,East_Zone,13951,11942,15960,36.0,Summer,0,0
2024-04-14,East_Zone,13065,11056,15074,31.6,Summer,0,0
2024-04-15,East_Zone,13977,11968,15986,35.7,Summer,0,0
2024-04-16,East_Zone,13336,11327,15345,31.7,Summer,0,0
2024-04-17,East_Zone,13577,11569,15586,34.4,Summer,0,0
2024-04-18,East_Zone,13601,11592,15609,35.4,Summer,0,0
2024-04-19,East_Zone,13463,11454,15472,32.5,Summer,0,0
2024-04-20,East_Zone,14343,12334,16352,37.9,Summer,0,0
2024-04-21,East_Zone,14721,12712,16730,39.8,Summer,0,0
2024-04-22,East_Zone,15145,13136,17154,40.8,Summer,0,0
2024-04-23,East_Zone,14340,12331,16349,37.6,Summer,0,0
2024-04-24,East_Zone,13584,11575,15592,33.7,Summer,0,0
2024-04-25,East_Zone,13372,11363,15381,34.2,Summer,0,0
2024-04-26,East_Zone,13954,11945,15963,36.0,Summer,0,0
2024-04-27,East_Zone,13871,11863,15880,36.7,Summer,0,0
2024-04-28,East_Zone,13200,11191,15209,32.3,Summer,0,0
2024-04-29,East_Zone,13684,11675,15693,35.6,Summer,0,0
2024-04-30,East_Zone,13596,11587,15605,34.3,Summer,0,0
2024-05-01,East_Zone,14796,12787,16805,40.1,Summer,0,0
2024-05-02,East_Zone,14210,12201,16219,37.5,Summer,0,0
2024-05-03,East_Zone,13973,11964,15981,36.4,Summer,0,0
2024-05-04,East_Zone,13027,11018,15036,31.6,Summer,0,0
2024-05-05,East_Zone,13572,11563,15581,35.2,Summer,0,0
2024-05-06,East_Zone,14119,12110,16128,36.2,Summer,0,0
2024-05-07,East_Zone,14153,12144,16161,36.4,Summer,0,0
2024-05-08,East_Zone,13672,11663,15681,35.5,Summer,0,0
2024-05-09,East_Zone,13586,11577,15595,35.1,Summer,0,0
2024-05-10,East_Zone,14215,12206,16224,37.4,Summer,0,0
2024-05-11,East_Zone,14151,12142,16160,35.8,Summer,0,0
2024-05-12,East_Zone,14740,12731,16749,38.7,Summer,0,0
2024-05-13,East_Zone,13743,11734,15752,34.3,Summer,0,0
2024-05-14,East_Zone,14109,12100,16118,35.8,Summer,0,0
2024-05-15,East_Zone,13326,11317,15335,33.0,Summer,0,0
2024-05-16,East_Zone,13539,11530,15548,35.4,Summer,0,0
2024-05-17,East_Zone,14177,12168,16186,38.2,Summer,0,0
2024-05-18,East_Zone,13592,11583,15601,34.8,Summer,0,0
2024-05-19,East_Zone,14547,12538,16556,38.4,Summer,0,0
2024-05-20,East_Zone,13676,11668,15685,34.1,Summer,0,0
2024-05-21,East_Zone,13601,11592,15610,32.5,Summer,0,0
2024-05-22,East_Zone,13696,11687,15705,34.6,Summer,0,0
2024-05-23,East_Zone,13762,11753,15771,34.6,Summer,0,0
2024-05-24,East_Zone,14062,12053,16071,35.7,Summer,0,0
2024-05-25,East_Zone,13870,11861,15879,35.6,Summer,0,0
2024-05-26,East_Zone,14548,12539,16557,38.6,Summer,0,0
2024-05-27,East_Zone,13584,11575,15593,35.4,Summer,0,0
2024-05-28,East_Zone,13554,11546,15563,32.6,Summer,0,0
2024-05-29,East_Zone,14210,12201,16219,35.8,Summer,0,0
2024-05-30,East_Zone,13890,11881,15899,34.8,Summer,0,0
2024-05-31,East_Zone,13689,11681,15698,33.2,Summer,0,0
2024-06-01,East_Zone,11206,9197,13215,27.8,Monsoon,0,0
2024-06-02,East_Zone,11560,9552,13569,29.6,Monsoon,0,0
2024-06-03,East_Zone,11247,9239,13256,26.4,Monsoon,0,0
2024-06-04,East_Zone,11459,9450,13468,28.2,Monsoon,0,0
2024-06-05,East_Zone,11476,9467,13485,28.5,Monsoon,0,0
2024-06-06,East_Zone,10058,8049,12067,23.0,Monsoon,0,0
2024-06-07,East_Zone,12354,10346,14363,31.8,Monsoon,0,0
2024-06-08,East_Zone,11191,9182,13200,28.1,Monsoon,0,0
2024-06-09,East_Zone,10866,8857,12875,25.1,Monsoon,0,0
2024-06-10,East_Zone,11865,9856,13873,29.7,Monsoon,0,0
2024-06-11,East_Zone,11168,9160,13177,27.6,Monsoon,0,0
2024-06-12,East_Zone,11444,9435,13452,28.7,Monsoon,0,0
2024-06-13,East_Zone,11061,9052,13070,27.4,Monsoon,0,0
2024-06-14,East_Zone,11091,9082,13100,27.9,Monsoon,0,0
2024-06-15,East_Zone,11579,9570,13588,29.0,Monsoon,0,0
2024-06-16,East_Zone,10934,8925,12943,24.6,Monsoon,0,0
2024-06-17,East_Zone,11514,9505,13523,28.6,Monsoon,0,0
2024-06-18,East_Zone,10930,8921,12938,25.6,Monsoon,0,0
2024-06-19,East_Zone,11383,9374,13392,28.1,Monsoon,0,0
2024-06-20,East_Zone,12206,10198,14215,31.3,Monsoon,0,0
2024-06-21,East_Zone,11498,9490,13507,29.5,Monsoon,0,0
2024-06-22,East_Zone,11328,9319,13337,28.5,Monsoon,0,0
2024-06-23,East_Zone,11347,9338,13356,28.6,Monsoon,0,0
2024-06-24,East_Zone,11114,9105,13123,27.7,Monsoon,0,0
2024-06-25,East_Zone,11052,9043,13061,26.3,Monsoon,0,0
2024-06-26,East_Zone,10967,8958,12976,27.9,Monsoon,0,0
2024-06-27,East_Zone,10646,8637,12655,26.1,Monsoon,0,0
2024-06-28,East_Zone,11592,9583,13601,29.1,Monsoon,0,0
2024-06-29,East_Zone,11159,9150,13167,27.8,Monsoon,0,0
2024-06-30,East_Zone,11081,9072,13090,27.1,Monsoon,0,0
2024-07-01,East_Zone,10944,8935,12953,25.5,Monsoon,0,0
2024-07-02,East_Zone,11790,9781,13799,29.6,Monsoon,0,0
2024-07-03,East_Zone,12503,10494,14512,32.4,Monsoon,0,0
2024-07-04,East_Zone,11660,9651,13669,29.3,Monsoon,0,0
2024-07-05,East_Zone,10853,8844,12861,27.0,Monsoon,0,0
2024-07-06,East_Zone,10929,8920,12938,27.7,Monsoon,0,0
2024-07-07,East_Zone,11615,9606,13623,30.2,Monsoon,0,0
2024-07-08,East_Zone,11779,9770,13788,30.0,Monsoon,0,0
2024-07-09,East_Zone,11662,9653,13671,29.2,Monsoon,0,0
2024-07-10,East_Zone,10667,8658,12676,24.5,Monsoon,0,0
2024-07-11,East_Zone,10924,8916,12933,27.0,Monsoon,0,0
2024-07-12,East_Zone,10642,8634,12651,25.6,Monsoon,0,0
2024-07-13,East_Zone,11163,9154,13172,27.1,Monsoon,0,0
2024-07-14,East_Zone,10899,8890,12908,26.3,Monsoon,0,0
2024-07-15,East_Zone,12400,10391,14409,31.3,Monsoon,0,0
2024-07-16,East_Zone,10905,8896,12914,25.5,Monsoon,0,0
2024-07-17,East_Zone,10894,8885,12902,27.4,Monsoon,0,0
2024-07-18,East_Zone,11062,9053,13071,28.1,Monsoon,0,0
2024-07-19,East_Zone,10300,8291,12309,23.3,Monsoon,0,0
2024-07-20,East_Zone,10709,8700,12718,25.8,Monsoon,0,0
2024-07-21,East_Zone,10926,8917,12935,27.0,Monsoon,0,0
2024-07-22,East_Zone,11724,9715,13733,29.4,Monsoon,0,0
2024-07-23,East_Zone,11033,9024,13042,26.9,Monsoon,0,0
2024-07-24,East_Zone,10774,8765,12782,25.8,Monsoon,0,0
2024-07-25,East_Zone,11287,9278,13296,27.9,Monsoon,0,0
2024-07-26,East_Zone,11548,9539,13557,28.7,Monsoon,0,0
2024-07-27,East_Zone,10973,8964,12982,27.2,Monsoon,0,0
2024-07-28,East_Zone,11604,9595,13613,29.2,Monsoon,0,0
2024-07-29,East_Zone,11672,9663,13681,29.6,Monsoon,0,0
2024-07-30,East_Zone,11798,9789,13807,29.2,Monsoon,0,0
2024-07-31,East_Zone,10934,8926,12943,27.5,Monsoon,0,0
2024-08-01,East_Zone,11088,9080,13097,24.8,Monsoon,0,0
2024-08-02,East_Zone,10772,8763,12780,26.7,Monsoon,0,0
2024-08-03,East_Zone,10917,8908,12926,27.9,Monsoon,0,0
2024-08-04,East_Zone,12288,10279,14296,32.0,Monsoon,0,0
2024-08-05,East_Zone,11277,9268,13286,27.4,Monsoon,0,0
2024-08-06,East_Zone,11759,9750,13767,30.5,Monsoon,0,0
2024-08-07,East_Zone,11589,9580,13598,30.1,Monsoon,0,0
2024-08-08,East_Zone,11449,9440,13458,28.4,Monsoon,0,0
2024-08-09,East_Zone,11797,9788,13806,30.8,Monsoon,0,0
2024-08-10,East_Zone,10728,8719,12737,26.0,Monsoon,0,0
2024-08-11,East_Zone,11758,9749,13766,30.2,Monsoon,0,0
2024-08-12,East_Zone,10862,8853,12871,26.7,Monsoon,0,0
2024-08-13,East_Zone,10872,8863,12881,26.8,Monsoon,0,0
2024-08-14,East_Zone,10866,8857,12874,27.5,Monsoon,0,0
2024-08-15,East_Zone,11583,9574,13592,29.4,Monsoon,0,0
2024-08-16,East_Zone,10936,8928,12945,28.1,Monsoon,0,0
2024-08-17,East_Zone,12239,10230,14248,32.1,Monsoon,0,0
2024-08-18,East_Zone,11762,9754,13771,30.5,Monsoon,0,0
2024-08-19,East_Zone,10815,8806,12823,26.8,Monsoon,0,0
2024-08-20,East_Zone,11517,9508,13526,28.6,Monsoon,0,0
2024-08-21,East_Zone,12149,10140,14157,31.5,Monsoon,0,0
2024-08-22,East_Zone,10696,8687,12705,25.3,Monsoon,0,0
2024-08-23,East_Zone,11142,9133,13151,28.2,Monsoon,0,0
2024-08-24,East_Zone,11437,9428,13446,28.6,Monsoon,0,0
2024-08-25,East_Zone,11140,9131,13148,28.2,Monsoon,0,0
2024-08-26,East_Zone,11664,9656,13673,28.6,Monsoon,0,0
2024-08-27,East_Zone,11463,9454,13472,28.1,Monsoon,0,0
2024-08-28,East_Zone,11876,9868,13885,30.5,Monsoon,0,0
2024-08-29,East_Zone,11732,9724,13741,29.6,Monsoon,0,0
2024-08-30,East_Zone,10845,8837,12854,26.9,Monsoon,0,0
2024-08-31,East_Zone,11370,9361,13379,28.3,Monsoon,0,0
2024-09-01,East_Zone,11446,9437,13455,26.1,Autumn,0,0
2024-09-02,East_Zone,11400,9391,13409,26.7,Autumn,0,0
2024-09-03,East_Zone,10373,8364,12382,22.7,Autumn,0,0
2024-09-04,East_Zone,10588,8579,12597,23.9,Autumn,0,0
2024-09-05,East_Zone,11496,9487,13505,26.5,Autumn,0,0
2024-09-06,East_Zone,10880,8871,12889,24.6,Autumn,0,0
2024-09-07,East_Zone,11050,9041,13059,24.8,Autumn,0,0
2024-09-08,East_Zone,10607,8598,12615,23.7,Autumn,0,0
2024-09-09,East_Zone,10668,8659,12677,24.1,Autumn,0,0
2024-09-10,East_Zone,10616,8607,12625,24.1,Autumn,0,0
2024-09-11,East_Zone,11821,9812,13829,28.7,Autumn,0,0
2024-09-12,East_Zone,10107,8098,12116,21.7,Autumn,0,0
2024-09-13,East_Zone,10427,8418,12435,24.3,Autumn,0,0
2024-09-14,East_Zone,10644,8635,12653,24.0,Autumn,0,0
2024-09-15,East_Zone,11257,9249,13266,25.2,Autumn,0,0
2024-09-16,East_Zone,11180,9171,13189,26.0,Autumn,0,0
2024-09-17,East_Zone,10678,8669,12687,23.2,Autumn,0,0
2024-09-18,East_Zone,11126,9117,13135,24.9,Autumn,0,0
2024-09-19,East_Zone,11212,9203,13220,26.5,Autumn,0,0
2024-09-20,East_Zone,10996,8987,13005,24.4,Autumn,0,0
2024-09-21,East_Zone,10303,8294,12312,22.0,Autumn,0,0
2024-09-22,East_Zone,11070,9061,13078,25.4,Autumn,0,0
2024-09-23,East_Zone,11027,9018,13036,25.7,Autumn,0,0
2024-09-24,East_Zone,11212,9203,13221,25.7,Autumn,0,0
2024-09-25,East_Zone,10634,8625,12643,23.6,Autumn,0,0
2024-09-26,East_Zone,10250,8241,12259,22.9,Autumn,0,0
2024-09-27,East_Zone,10229,8220,12238,22.7,Autumn,0,0
2024-09-28,East_Zone,11537,9529,13546,27.8,Autumn,0,0
2024-09-29,East_Zone,10239,8230,12247,22.7,Autumn,0,0
2024-09-30,East_Zone,10035,8026,12044,21.0,Autumn,0,0
2024-10-01,East_Zone,15371,13362,17380,26.4,Autumn,1,0
2024-10-02,East_Zone,15334,13325,17343,25.1,Autumn,1,0
2024-10-03,East_Zone,14644,12635,16653,23.6,Autumn,1,0
2024-10-04,East_Zone,14804,12795,16813,22.0,Autumn,1,0
2024-10-05,East_Zone,10397,8388,12405,23.1,Autumn,0,0
2024-10-06,East_Zone,10410,8402,12419,22.7,Autumn,0,0
2024-10-07,East_Zone,14128,12120,16137,21.8,Autumn,1,0
2024-10-08,East_Zone,15224,13216,17233,25.4,Autumn,1,0
2024-10-09,East_Zone,14303,12294,16312,21.7,Autumn,1,0
2024-10-10,East_Zone,15070,13061,17078,26.1,Autumn,1,0
2024-10-11,East_Zone,13913,11904,15922,20.8,Autumn,1,0
2024-10-12,East_Zone,14397,12388,16406,23.5,Autumn,1,0
2024-10-13,East_Zone,15170,13161,17179,25.8,Autumn,1,0
2024-10-14,East_Zone,15150,13141,17158,24.8,Autumn,1,0
2024-10-15,East_Zone,15357,13348,17366,25.0,Autumn,1,0
2024-10-16,East_Zone,15485,13476,17494,29.0,Autumn,1,0
2024-10-17,East_Zone,14928,12920,16937,25.3,Autumn,1,0
2024-10-18,East_Zone,15080,13071,17089,24.7,Autumn,1,0
2024-10-19,East_Zone,15129,13120,17138,25.5,Autumn,1,0
2024-10-20,East_Zone,15429,13420,17438,28.5,Autumn,1,0
2024-10-21,East_Zone,15399,13391,17408,26.6,Autumn,1,0
2024-10-22,East_Zone,15223,13215,17232,24.6,Autumn,1,0
2024-10-23,East_Zone,15168,13160,17177,24.5,Autumn,1,0
2024-10-24,East_Zone,15326,13318,17335,26.7,Autumn,1,0
2024-10-25,East_Zone,14271,12263,16280,21.5,Autumn,1,0
2024-10-26,East_Zone,14421,12412,16429,24.0,Autumn,1,0
2024-10-27,East_Zone,14332,12324,16341,23.5,Autumn,1,0
2024-10-28,East_Zone,10149,8140,12158,21.9,Autumn,0,0
2024-10-29,East_Zone,14587,12578,16596,22.5,Autumn,1,0
2024-10-30,East_Zone,15335,13326,17343,25.8,Autumn,1,0
2024-10-31,East_Zone,11038,9029,13047,24.8,Autumn,0,0
2024-11-01,East_Zone,14968,12959,16977,27.3,Autumn,1,0
2024-11-02,East_Zone,15077,13068,17086,25.1,Autumn,1,0
2024-11-03,East_Zone,14556,12547,16565,24.4,Autumn,1,0
2024-11-04,East_Zone,14482,12473,16491,24.3,Autumn,1,0
2024-11-05,East_Zone,11269,9260,13278,25.6,Autumn,0,0
2024-11-06,East_Zone,15070,13061,17078,25.1,Autumn,1,0
2024-11-07,East_Zone,15134,13125,17142,25.1,Autumn,1,0
2024-11-08,East_Zone,15141,13133,17150,25.8,Autumn,1,0
2024-11-09,East_Zone,15409,13400,17418,26.0,Autumn,1,0
2024-11-10,East_Zone,14498,12489,16507,22.3,Autumn,1,0
2024-11-11,East_Zone,14201,12192,16210,21.4,Autumn,1,0
2024-11-12,East_Zone,14449,12440,16458,24.3,Autumn,1,0
2024-11-13,East_Zone,14605,12596,16614,23.5,Autumn,1,0
2024-11-14,East_Zone,13967,11958,15976,20.8,Autumn,1,0
2024-11-15,East_Zone,14681,12672,16690,22.0,Autumn,1,0
2024-11-16,East_Zone,15465,13456,17474,26.7,Autumn,1,0
2024-11-17,East_Zone,15520,13511,17529,26.7,Autumn,1,0
2024-11-18,East_Zone,15366,13357,17375,26.1,Autumn,1,0
2024-11-19,East_Zone,15325,13316,17334,24.9,Autumn,1,0
2024-11-20,East_Zone,15984,13975,17993,27.9,Autumn,1,0
2024-11-21,East_Zone,15468,13459,17477,24.8,Autumn,1,0
2024-11-22,East_Zone,16017,14008,18026,29.7,Autumn,1,0
2024-11-23,East_Zone,14660,12651,16669,22.2,Autumn,1,0
2024-11-24,East_Zone,15638,13629,17647,25.9,Autumn,1,0
2024-11-25,East_Zone,15784,13775,17793,25.5,Autumn,1,0
2024-11-26,East_Zone,14714,12705,16723,22.3,Autumn,1,0
2024-11-27,East_Zone,14788,12779,16797,22.8,Autumn,1,0
2024-11-28,East_Zone,15423,13414,17432,24.7,Autumn,1,0
2024-11-29,East_Zone,10615,8606,12624,23.5,Autumn,0,0
2024-11-30,East_Zone,14641,12632,16650,23.2,Autumn,1,0
2024-12-01,East_Zone,9240,7231,11249,16.8,Winter,0,0
2024-12-02,East_Zone,8397,6388,10405,12.8,Winter,0,0
2024-12-03,East_Zone,9385,7376,11393,16.2,Winter,0,0
2024-12-04,East_Zone,9454,7445,11463,17.3,Winter,0,0
2024-12-05,East_Zone,8280,6271,10289,13.6,Winter,0,0
2024-12-06,East_Zone,9632,7624,11641,18.3,Winter,0,0
2024-12-07,East_Zone,9286,7277,11295,16.3,Winter,0,0
2024-12-08,East_Zone,8617,6608,10626,14.9,Winter,0,0
2024-12-09,East_Zone,9375,7366,11384,16.5,Winter,0,0
2024-12-10,East_Zone,8990,6981,10999,16.0,Winter,0,0
2024-12-11,East_Zone,8112,6103,10121,13.0,Winter,0,0
2024-12-12,East_Zone,9255,7246,11264,17.1,Winter,0,0
2024-12-13,East_Zone,8839,6830,10848,16.0,Winter,0,0
2024-12-14,East_Zone,8413,6404,10422,12.7,Winter,0,0
2024-12-15,East_Zone,8703,6694,10711,13.9,Winter,0,0
2024-12-16,East_Zone,9009,7000,11017,15.6,Winter,0,0
2024-12-17,East_Zone,9176,7167,11184,15.3,Winter,0,0
2024-12-18,East_Zone,8369,6360,10378,13.0,Winter,0,0
2024-12-19,East_Zone,10139,8130,12148,18.9,Winter,0,0
2024-12-20,East_Zone,8510,6501,10518,13.6,Winter,0,0
2024-12-21,East_Zone,8364,6355,10373,13.4,Winter,0,0
2024-12-22,East_Zone,8545,6536,10554,13.0,Winter,0,0
2024-12-23,East_Zone,8326,6317,10334,12.4,Winter,0,0
2024-12-24,East_Zone,9272,7263,11281,15.3,Winter,0,0
2024-12-25,East_Zone,8107,6098,10116,13.3,Winter,0,0
2024-12-26,East_Zone,9847,7838,11855,18.6,Winter,0,0
2024-12-27,East_Zone,8907,6898,10915,15.1,Winter,0,0
2024-12-28,East_Zone,8377,6368,10385,13.3,Winter,0,0
2024-12-29,East_Zone,9069,7060,11078,14.6,Winter,0,0
2024-12-30,East_Zone,9222,7213,11231,16.4,Winter,0,0
2024-12-31,East_Zone,7313,5305,9322,10.5,Winter,0,0
2024-01-01,West_Zone,7844,5836,9853,15.4,Winter,0,1
2024-01-02,West_Zone,7702,5693,9710,13.7,Winter,0,1
2024-01-03,West_Zone,8149,6140,10158,15.2,Winter,0,1
2024-01-04,West_Zone,8011,6002,10020,15.6,Winter,0,1
2024-01-05,West_Zone,8046,6037,10055,15.9,Winter,0,1
2024-01-06,West_Zone,7361,5352,9370,11.6,Winter,0,1
2024-01-07,West_Zone,7562,5553,9571,13.0,Winter,0,1
2024-01-08,West_Zone,7575,5566,9584,13.5,Winter,0,1
2024-01-09,West_Zone,8442,6433,10451,17.7,Winter,0,1
2024-01-10,West_Zone,7762,5753,9771,14.2,Winter,0,1
2024-01-11,West_Zone,8054,6045,10063,14.7,Winter,0,1
2024-01-12,West_Zone,8016,6008,10025,14.8,Winter,0,1
2024-01-13,West_Zone,7896,5887,9905,14.7,Winter,0,1
2024-01-14,West_Zone,8135,6126,10144,16.1,Winter,0,1
2024-01-15,West_Zone,7743,5734,9752,12.7,Winter,0,1
2024-01-16,West_Zone,7980,5971,9988,14.0,Winter,0,1
2024-01-17,West_Zone,8592,6583,10601,17.0,Winter,0,1
2024-01-18,West_Zone,8489,6480,10498,16.6,Winter,0,1
2024-01-19,West_Zone,8019,6010,10027,14.4,Winter,0,1
2024-01-20,West_Zone,8437,6428,10446,16.4,Winter,0,1
2024-01-21,West_Zone,8228,6219,10237,14.7,Winter,0,1
2024-01-22,West_Zone,7944,5935,9953,13.7,Winter,0,1
2024-01-23,West_Zone,8241,6232,10250,16.1,Winter,0,1
2024-01-24,West_Zone,8465,6456,10474,15.9,Winter,0,1
2024-01-25,West_Zone,9018,7009,11027,18.4,Winter,0,1
2024-01-26,West_Zone,7698,5689,9706,12.0,Winter,0,1
2024-01-27,West_Zone,8108,6100,10117,15.1,Winter,0,1
2024-01-28,West_Zone,8100,6091,10109,15.2,Winter,0,1
2024-01-29,West_Zone,8173,6164,10182,14.6,Winter,0,1
2024-01-30,West_Zone,8764,6755,10773,16.8,Winter,0,1
2024-01-31,West_Zone,8070,6061,10079,15.8,Winter,0,1
2024-02-01,West_Zone,8805,6796,10814,18.9,Winter,0,1
2024-02-02,West_Zone,7643,5634,9652,12.9,Winter,0,1
2024-02-03,West_Zone,8666,6657,10675,17.0,Winter,0,1
2024-02-04,West_Zone,7761,5752,9770,13.7,Winter,0,1
2024-02-05,West_Zone,8262,6253,10271,14.9,Winter,0,1
2024-02-06,West_Zone,8260,6251,10268,15.6,Winter,0,1
2024-02-07,West_Zone,7561,5552,9570,11.9,Winter,0,1
2024-02-08,West_Zone,7943,5934,9952,14.9,Winter,0,1
2024-02-09,West_Zone,8222,6213,10231,14.6,Winter,0,1
2024-02-10,West_Zone,8134,6125,10142,16.3,Winter,0,1
2024-02-11,West_Zone,8131,6122,10139,16.0,Winter,0,1
2024-02-12,West_Zone,8019,6010,10028,15.3,Winter,0,1
2024-02-13,West_Zone,8461,6452,10470,16.7,Winter,0,1
2024-02-14,West_Zone,8193,6184,10202,15.9,Winter,0,1
2024-02-15,West_Zone,8057,6048,10066,14.7,Winter,0,1
2024-02-16,West_Zone,7696,5687,9705,12.6,Winter,0,1
2024-02-17,West_Zone,7650,5641,9659,13.7,Winter,0,1
2024-02-18,West_Zone,8797,6788,10806,17.1,Winter,0,1
2024-02-19,West_Zone,8043,6034,10052,15.1,Winter,0,1
2024-02-20,West_Zone,8766,6757,10775,17.0,Winter,0,1
2024-02-21,West_Zone,7900,5891,9908,13.6,Winter,0,1
2024-02-22,West_Zone,8130,6121,10138,15.8,Winter,0,1
2024-02-23,West_Zone,7675,5666,9684,13.4,Winter,0,1
2024-02-24,West_Zone,8487,6478,10496,17.1,Winter,0,1
2024-02-25,West_Zone,8649,6640,10658,16.6,Winter,0,1
2024-02-26,West_Zone,7881,5872,9889,13.0,Winter,0,1
2024-02-27,West_Zone,8231,6223,10240,15.6,Winter,0,1
2024-02-28,West_Zone,8219,6210,10228,15.9,Winter,0,1
2024-02-29,West_Zone,8219,6210,10228,15.9,Winter,0,1
2024-03-01,West_Zone,15640,13631,17649,35.7,Summer,1,1
2024-03-02,West_Zone,15382,13373,17390,33.0,Summer,1,1
2024-03-03,West_Zone,12757,10748,14766,35.4,Summer,0,1
2024-03-04,West_Zone,13581,11572,15590,37.9,Summer,0,1
2024-03-05,West_Zone,14242,12233,16250,39.3,Summer,0,1
2024-03-06,West_Zone,15267,13258,17276,34.1,Summer,1,1
2024-03-07,West_Zone,15624,13615,17633,35.7,Summer,1,1
2024-03-08,West_Zone,15032,13023,17041,34.4,Summer,1,1
2024-03-09,West_Zone,12702,10693,14711,35.0,Summer,0,1
2024-03-10,West_Zone,15177,13168,17185,34.4,Summer,1,1
2024-03-11,West_Zone,13094,11085,15103,36.2,Summer,0,1
2024-03-12,West_Zone,12003,9994,14012,31.0,Summer,0,1
2024-03-13,West_Zone,12619,10610,14628,34.5,Summer,0,1
2024-03-14,West_Zone,17482,15473,19491,42.3,Summer,1,1
2024-03-15,West_Zone,14831,12822,16840,31.8,Summer,1,1
2024-03-16,West_Zone,13759,11750,15767,36.9,Summer,0,1
2024-03-17,West_Zone,13918,11909,15927,38.6,Summer,0,1
2024-03-18,West_Zone,13107,11098,15116,36.1,Summer,0,1
2024-03-19,West_Zone,12774,10765,14782,35.1,Summer,0,1
2024-03-20,West_Zone,12669,10660,14678,35.6,Summer,0,1
2024-03-21,West_Zone,14012,12003,16021,39.3,Summer,0,1
2024-03-22,West_Zone,15127,13118,17136,33.9,Summer,1,1
2024-03-23,West_Zone,15154,13146,17163,33.5,Summer,1,1
2024-03-24,West_Zone,14872,12863,16881,33.2,Summer,1,1
2024-03-25,West_Zone,13491,11482,15500,38.0,Summer,0,1
2024-03-26,West_Zone,15211,13202,17220,34.0,Summer,1,1
2024-03-27,West_Zone,12065,10056,14074,31.2,Summer,0,1
2024-03-28,West_Zone,14871,12862,16880,31.9,Summer,1,1
2024-03-29,West_Zone,12593,10584,14602,33.1,Summer,0,1
2024-03-30,West_Zone,12193,10184,14202,31.7,Summer,0,1
2024-03-31,West_Zone,15371,13363,17380,34.1,Summer,1,1
2024-04-01,West_Zone,12492,10484,14501,34.9,Summer,0,1
2024-04-02,West_Zone,12269,10260,14278,34.3,Summer,0,1
2024-04-03,West_Zone,12640,10631,14649,35.1,Summer,0,1
2024-04-04,West_Zone,12268,10259,14277,33.3,Summer,0,1
2024-04-05,West_Zone,12815,10806,14824,35.8,Summer,0,1
2024-04-06,West_Zone,12661,10652,14670,33.6,Summer,0,1
2024-04-07,West_Zone,12527,10518,14536,33.3,Summer,0,1
2024-04-08,West_Zone,12953,10944,14962,35.9,Summer,0,1
2024-04-09,West_Zone,12822,10813,14831,36.2,Summer,0,1
2024-04-10,West_Zone,11396,9387,13405,30.2,Summer,0,1
2024-04-11,West_Zone,12493,10484,14502,33.4,Summer,0,1
2024-04-12,West_Zone,12546,10538,14555,34.9,Summer,0,1
2024-04-13,West_Zone,12378,10369,14387,33.2,Summer,0,1
2024-04-14,West_Zone,13720,11711,15729,37.7,Summer,0,1
2024-04-15,West_Zone,12526,10517,14535,35.0,Summer,0,1
2024-04-16,West_Zone,12380,10371,14389,34.5,Summer,0,1
2024-04-17,West_Zone,12539,10530,14548,33.4,Summer,0,1
2024-04-18,West_Zone,12497,10488,14506,33.5,Summer,0,1
2024-04-19,West_Zone,12561,10552,14570,34.1,Summer,0,1
2024-04-20,West_Zone,12578,10569,14587,35.5,Summer,0,1
2024-04-21,West_Zone,12109,10100,14118,31.2,Summer,0,1
2024-04-22,West_Zone,12732,10723,14740,33.1,Summer,0,1
2024-04-23,West_Zone,13390,11381,15399,36.9,Summer,0,1
2024-04-24,West_Zone,13000,10991,15009,36.5,Summer,0,1
2024-04-25,West_Zone,13637,11628,15646,37.9,Summer,0,1
2024-04-26,West_Zone,13096,11088,15105,36.3,Summer,0,1
2024-04-27,West_Zone,12687,10678,14695,35.3,Summer,0,1
2024-04-28,West_Zone,12680,10671,14689,32.5,Summer,0,1
2024-04-29,West_Zone,13609,11600,15618,36.9,Summer,0,1
2024-04-30,West_Zone,12278,10269,14287,32.7,Summer,0,1
2024-05-01,West_Zone,13502,11493,15511,37.5,Summer,0,1
2024-05-02,West_Zone,12213,10204,14222,32.4,Summer,0,1
2024-05-03,West_Zone,12230,10221,14239,34.5,Summer,0,1
2024-05-04,West_Zone,12797,10789,14806,34.7,Summer,0,1
2024-05-05,West_Zone,13005,10996,15014,35.6,Summer,0,1
2024-05-06,West_Zone,12878,10869,14887,34.4,Summer,0,1
2024-05-07,West_Zone,13264,11255,15273,35.7,Summer,0,1
2024-05-08,West_Zone,12623,10614,14632,35.6,Summer,0,1
2024-05-09,West_Zone,13572,11563,15581,36.9,Summer,0,1
2024-05-10,West_Zone,13556,11548,15565,36.9,Summer,0,1
2024-05-11,West_Zone,12632,10623,14641,33.8,Summer,0,1
2024-05-12,West_Zone,14162,12153,16171,38.8,Summer,0,1
2024-05-13,West_Zone,13752,11743,15761,36.9,Summer,0,1
2024-05-14,West_Zone,13061,11052,15070,35.7,Summer,0,1
2024-05-15,West_Zone,11998,9989,14007,32.4,Summer,0,1
2024-05-16,West_Zone,12561,10552,14570,35.5,Summer,0,1
2024-05-17,West_Zone,14304,12296,16313,40.1,Summer,0,1
2024-05-18,West_Zone,12163,10154,14172,33.2,Summer,0,1
2024-05-19,West_Zone,13599,11590,15608,36.6,Summer,0,1
2024-05-20,West_Zone,13659,11650,15668,38.0,Summer,0,1
2024-05-21,West_Zone,13324,11315,15333,36.7,Summer,0,1
2024-05-22,West_Zone,12438,10429,14447,34.3,Summer,0,1
2024-05-23,West_Zone,13410,11401,15419,36.7,Summer,0,1
2024-05-24,West_Zone,12696,10688,14705,34.7,Summer,0,1
2024-05-25,West_Zone,12714,10706,14723,35.5,Summer,0,1
2024-05-26,West_Zone,12528,10519,14537,33.3,Summer,0,1
2024-05-27,West_Zone,13334,11325,15343,35.7,Summer,0,1
2024-05-28,West_Zone,12754,10745,14763,35.5,Summer,0,1
2024-05-29,West_Zone,13069,11060,15077,36.5,Summer,0,1
2024-05-30,West_Zone,13614,11605,15622,38.4,Summer,0,1
2024-05-31,West_Zone,14288,12280,16297,39.5,Summer,0,1
2024-06-01,West_Zone,9970,7962,11979,25.8,Monsoon,0,1
2024-06-02,West_Zone,11763,9754,13772,32.4,Monsoon,0,1
2024-06-03,West_Zone,10777,8768,12786,29.0,Monsoon,0,1
2024-06-04,West_Zone,9947,7939,11956,26.6,Monsoon,0,1
2024-06-05,West_Zone,10469,8460,12478,28.1,Monsoon,0,1
2024-06-06,West_Zone,11239,9230,13248,31.1,Monsoon,0,1
2024-06-07,West_Zone,9734,7725,11743,25.3,Monsoon,0,1
2024-06-08,West_Zone,10497,8488,12506,28.3,Monsoon,0,1
2024-06-09,West_Zone,9999,7990,12008,27.5,Monsoon,0,1
2024-06-10,West_Zone,11652,9643,13661,32.3,Monsoon,0,1
2024-06-11,West_Zone,9984,7975,11993,27.1,Monsoon,0,1
2024-06-12,West_Zone,10410,8401,12419,28.8,Monsoon,0,1
2024-06-13,West_Zone,10845,8836,12854,28.7,Monsoon,0,1
2024-06-14,West_Zone,10077,8069,12086,28.0,Monsoon,0,1
2024-06-15,West_Zone,10529,8520,12538,28.7,Monsoon,0,1
2024-06-16,West_Zone,10368,8359,12377,28.4,Monsoon,0,1
2024-06-17,West_Zone,10705,8696,12714,28.3,Monsoon,0,1
2024-06-18,West_Zone,10036,8027,12045,25.4,Monsoon,0,1
2024-06-19,West_Zone,9817,7808,11826,26.4,Monsoon,0,1
2024-06-20,West_Zone,10857,8848,12866,30.3,Monsoon,0,1
2024-06-21,West_Zone,10026,8017,12035,27.4,Monsoon,0,1
2024-06-22,West_Zone,9721,7712,11730,25.0,Monsoon,0,1
2024-06-23,West_Zone,10966,8957,12975,30.7,Monsoon,0,1
2024-06-24,West_Zone,9690,7681,11698,23.4,Monsoon,0,1
2024-06-25,West_Zone,10683,8675,12692,28.8,Monsoon,0,1
2024-06-26,West_Zone,11080,9071,13089,29.2,Monsoon,0,1
2024-06-27,West_Zone,10679,8670,12688,28.5,Monsoon,0,1
2024-06-28,West_Zone,9996,7987,12005,25.6,Monsoon,0,1
2024-06-29,West_Zone,10148,8140,12157,27.5,Monsoon,0,1
2024-06-30,West_Zone,10098,8089,12107,27.8,Monsoon,0,1
2024-07-01,West_Zone,9956,7947,11965,27.0,Monsoon,0,1
2024-07-02,West_Zone,10132,8123,12141,27.4,Monsoon,0,1
2024-07-03,West_Zone,11356,9347,13365,31.9,Monsoon,0,1
2024-07-04,West_Zone,10817,8808,12826,29.8,Monsoon,0,1
2024-07-05,West_Zone,10501,8492,12510,28.4,Monsoon,0,1
2024-07-06,West_Zone,10040,8031,12048,27.0,Monsoon,0,1
2024-07-07,West_Zone,9949,7940,11958,27.1,Monsoon,0,1
2024-07-08,West_Zone,11673,9664,13681,31.4,Monsoon,0,1
2024-07-09,West_Zone,10873,8864,12882,29.3,Monsoon,0,1
2024-07-10,West_Zone,9678,7669,11687,25.6,Monsoon,0,1
2024-07-11,West_Zone,10207,8198,12216,27.8,Monsoon,0,1
2024-07-12,West_Zone,10845,8837,12854,29.5,Monsoon,0,1
2024-07-13,West_Zone,9839,7830,11848,25.5,Monsoon,0,1
2024-07-14,West_Zone,10667,8658,12676,28.8,Monsoon,0,1
2024-07-15,West_Zone,11052,9043,13061,29.4,Monsoon,0,1
2024-07-16,West_Zone,11066,9057,13075,29.5,Monsoon,0,1
2024-07-17,West_Zone,10347,8339,12356,28.0,Monsoon,0,1
2024-07-18,West_Zone,10883,8874,12892,29.3,Monsoon,0,1
2024-07-19,West_Zone,10754,8745,12762,28.5,Monsoon,0,1
2024-07-20,West_Zone,10880,8871,12889,30.4,Monsoon,0,1
2024-07-21,West_Zone,9945,7936,11954,27.1,Monsoon,0,1
2024-07-22,West_Zone,10658,8649,12667,28.8,Monsoon,0,1
2024-07-23,West_Zone,10233,8224,12242,27.3,Monsoon,0,1
2024-07-24,West_Zone,9933,7924,11942,28.3,Monsoon,0,1
2024-07-25,West_Zone,10840,8831,12848,29.5,Monsoon,0,1
2024-07-26,West_Zone,9714,7706,11723,27.0,Monsoon,0,1
2024-07-27,West_Zone,10098,8089,12107,28.3,Monsoon,0,1
2024-07-28,West_Zone,10205,8196,12213,27.4,Monsoon,0,1
2024-07-29,West_Zone,10737,8728,12746,29.2,Monsoon,0,1
2024-07-30,West_Zone,10825,8816,12834,29.9,Monsoon,0,1
2024-07-31,West_Zone,10579,8570,12588,29.0,Monsoon,0,1
2024-08-01,West_Zone,9833,7825,11842,27.0,Monsoon,0,1
2024-08-02,West_Zone,10292,8283,12301,27.4,Monsoon,0,1
2024-08-03,West_Zone,10081,8072,12090,27.6,Monsoon,0,1
2024-08-04,West_Zone,10147,8138,12156,27.0,Monsoon,0,1
2024-08-05,West_Zone,10756,8747,12765,29.8,Monsoon,0,1
2024-08-06,West_Zone,11631,9622,13640,31.3,Monsoon,0,1
2024-08-07,West_Zone,10038,8029,12047,27.6,Monsoon,0,1
2024-08-08,West_Zone,10420,8411,12429,28.6,Monsoon,0,1
2024-08-09,West_Zone,10764,8755,12773,29.7,Monsoon,0,1
2024-08-10,West_Zone,10736,8727,12745,29.5,Monsoon,0,1
2024-08-11,West_Zone,10425,8416,12434,28.5,Monsoon,0,1
2024-08-12,West_Zone,9910,7901,11919,26.7,Monsoon,0,1
2024-08-13,West_Zone,9830,7821,11839,24.6,Monsoon,0,1
2024-08-14,West_Zone,10152,8143,12161,28.0,Monsoon,0,1
2024-08-15,West_Zone,10564,8555,12573,29.5,Monsoon,0,1
2024-08-16,West_Zone,10484,8475,12493,27.8,Monsoon,0,1
2024-08-17,West_Zone,9990,7981,11999,26.3,Monsoon,0,1
2024-08-18,West_Zone,9832,7823,11840,25.9,Monsoon,0,1
2024-08-19,West_Zone,10873,8864,12882,29.8,Monsoon,0,1
2024-08-20,West_Zone,10581,8572,12590,28.9,Monsoon,0,1
2024-08-21,West_Zone,10589,8581,12598,29.9,Monsoon,0,1
2024-08-22,West_Zone,9311,7302,11320,24.4,Monsoon,0,1
2024-08-23,West_Zone,9735,7726,11744,25.2,Monsoon,0,1
2024-08-24,West_Zone,11047,9038,13056,30.4,Monsoon,0,1
2024-08-25,West_Zone,9663,7654,11672,25.8,Monsoon,0,1
2024-08-26,West_Zone,9884,7875,11892,26.4,Monsoon,0,1
2024-08-27,West_Zone,10575,8566,12584,29.9,Monsoon,0,1
2024-08-28,West_Zone,9915,7907,11924,25.4,Monsoon,0,1
2024-08-29,West_Zone,9519,7510,11528,24.4,Monsoon,0,1
2024-08-30,West_Zone,10585,8576,12594,28.9,Monsoon,0,1
2024-08-31,West_Zone,10795,8786,12804,29.3,Monsoon,0,1
2024-09-01,West_Zone,10153,8144,12162,26.5,Autumn,0,1
2024-09-02,West_Zone,9988,7979,11997,23.8,Autumn,0,1
2024-09-03,West_Zone,9515,7506,11523,23.1,Autumn,0,1
2024-09-04,West_Zone,10246,8237,12255,26.3,Autumn,0,1
2024-09-05,West_Zone,10583,8574,12592,26.3,Autumn,0,1
2024-09-06,West_Zone,9633,7624,11642,23.9,Autumn,0,1
2024-09-07,West_Zone,10283,8274,12292,24.9,Autumn,0,1
2024-09-08,West_Zone,9209,7200,11218,20.9,Autumn,0,1
2024-09-09,West_Zone,9916,7907,11924,23.7,Autumn,0,1
2024-09-10,West_Zone,9397,7388,11406,22.3,Autumn,0,1
2024-09-11,West_Zone,10019,8010,12028,23.5,Autumn,0,1
2024-09-12,West_Zone,9969,7960,11978,24.3,Autumn,0,1
2024-09-13,West_Zone,10301,8292,12310,24.8,Autumn,0,1
2024-09-14,West_Zone,9722,7713,11731,24.0,Autumn,0,1
2024-09-15,West_Zone,9887,7878,11895,23.4,Autumn,0,1
2024-09-16,West_Zone,10403,8394,12412,24.7,Autumn,0,1
2024-09-17,West_Zone,10301,8292,12310,25.1,Autumn,0,1
2024-09-18,West_Zone,10252,8243,12261,25.3,Autumn,0,1
2024-09-19,West_Zone,9462,7453,11471,22.3,Autumn,0,1
2024-09-20,West_Zone,10192,8183,12201,25.2,Autumn,0,1
2024-09-21,West_Zone,9727,7718,11736,23.5,Autumn,0,1
2024-09-22,West_Zone,9377,7369,11386,22.9,Autumn,0,1
2024-09-23,West_Zone,10281,8272,12289,24.6,Autumn,0,1
2024-09-24,West_Zone,9432,7423,11440,23.0,Autumn,0,1
2024-09-25,West_Zone,9669,7661,11678,22.9,Autumn,0,1
2024-09-26,West_Zone,9568,7559,11577,22.6,Autumn,0,1
2024-09-27,West_Zone,10317,8308,12326,27.9,Autumn,0,1
2024-09-28,West_Zone,10860,8851,12868,28.7,Autumn,0,1
2024-09-29,West_Zone,10256,8247,12265,28.0,Autumn,0,1
2024-09-30,West_Zone,9478,7469,11486,23.1,Autumn,0,1
2024-10-01,West_Zone,13220,11211,15229,22.5,Autumn,1,1
2024-10-02,West_Zone,13214,11205,15223,22.4,Autumn,1,1
2024-10-03,West_Zone,14049,12040,16058,25.2,Autumn,1,1
2024-10-04,West_Zone,13336,11328,15345,22.7,Autumn,1,1
2024-10-05,West_Zone,10053,8044,12062,25.1,Autumn,0,1
2024-10-06,West_Zone,10367,8358,12375,25.4,Autumn,0,1
2024-10-07,West_Zone,14057,12048,16065,24.5,Autumn,1,1
2024-10-08,West_Zone,13438,11429,15447,24.4,Autumn,1,1
2024-10-09,West_Zone,14109,12100,16118,25.6,Autumn,1,1
2024-10-10,West_Zone,14332,12323,16341,25.3,Autumn,1,1
2024-10-11,West_Zone,13368,11359,15377,23.7,Autumn,1,1
2024-10-12,West_Zone,13288,11279,15297,22.9,Autumn,1,1
2024-10-13,West_Zone,13424,11415,15433,23.3,Autumn,1,1
2024-10-14,West_Zone,13606,11597,15615,23.9,Autumn,1,1
2024-10-15,West_Zone,12490,10481,14499,19.6,Autumn,1,1
2024-10-16,West_Zone,13766,11758,15775,23.9,Autumn,1,1
2024-10-17,West_Zone,13500,11492,15509,23.4,Autumn,1,1
2024-10-18,West_Zone,14000,11991,16009,24.9,Autumn,1,1
2024-10-19,West_Zone,14239,12230,16248,25.8,Autumn,1,1
2024-10-20,West_Zone,13972,11963,15981,24.5,Autumn,1,1
2024-10-21,West_Zone,13395,11386,15403,23.6,Autumn,1,1
2024-10-22,West_Zone,13336,11327,15344,23.7,Autumn,1,1
2024-10-23,West_Zone,13393,11384,15402,23.1,Autumn,1,1
2024-10-24,West_Zone,13450,11442,15459,23.2,Autumn,1,1
2024-10-25,West_Zone,14110,12101,16119,24.8,Autumn,1,1
2024-10-26,West_Zone,14242,12233,16251,25.7,Autumn,1,1
2024-10-27,West_Zone,13456,11447,15465,22.7,Autumn,1,1
2024-10-28,West_Zone,10106,8097,12114,25.5,Autumn,0,1
2024-10-29,West_Zone,14044,12035,16053,25.1,Autumn,1,1
2024-10-30,West_Zone,13329,11320,15337,24.4,Autumn,1,1
2024-10-31,West_Zone,10248,8239,12257,25.2,Autumn,0,1
2024-11-01,West_Zone,13575,11566,15583,23.9,Autumn,1,1
2024-11-02,West_Zone,14190,12181,16199,26.0,Autumn,1,1
2024-11-03,West_Zone,14244,12235,16252,26.5,Autumn,1,1
2024-11-04,West_Zone,14044,12036,16053,24.7,Autumn,1,1
2024-11-05,West_Zone,10256,8247,12265,24.5,Autumn,0,1
2024-11-06,West_Zone,14286,12277,16294,26.5,Autumn,1,1
2024-11-07,West_Zone,14193,12185,16202,25.0,Autumn,1,1
2024-11-08,West_Zone,13420,11411,15429,24.0,Autumn,1,1
2024-11-09,West_Zone,13514,11506,15523,23.8,Autumn,1,1
2024-11-10,West_Zone,14168,12159,16177,24.6,Autumn,1,1
2024-11-11,West_Zone,13378,11370,15387,24.1,Autumn,1,1
2024-11-12,West_Zone,13434,11425,15443,22.9,Autumn,1,1
2024-11-13,West_Zone,12401,10392,14410,20.7,Autumn,1,1
2024-11-14,West_Zone,14012,12003,16020,24.5,Autumn,1,1
2024-11-15,West_Zone,14239,12230,16248,24.9,Autumn,1,1
2024-11-16,West_Zone,13357,11348,15366,23.3,Autumn,1,1
2024-11-17,West_Zone,14177,12168,16185,24.6,Autumn,1,1
2024-11-18,West_Zone,14073,12064,16082,25.4,Autumn,1,1
2024-11-19,West_Zone,13428,11419,15437,23.4,Autumn,1,1
2024-11-20,West_Zone,14657,12649,16666,28.4,Autumn,1,1
2024-11-21,West_Zone,13437,11428,15446,23.4,Autumn,1,1
2024-11-22,West_Zone,13498,11489,15507,23.6,Autumn,1,1
2024-11-23,West_Zone,13270,11261,15279,24.2,Autumn,1,1
2024-11-24,West_Zone,14178,12170,16187,24.7,Autumn,1,1
2024-11-25,West_Zone,13560,11551,15569,24.3,Autumn,1,1
2024-11-26,West_Zone,13461,11452,15470,22.4,Autumn,1,1
2024-11-27,West_Zone,14423,12414,16432,25.1,Autumn,1,1
2024-11-28,West_Zone,14373,12365,16382,26.2,Autumn,1,1
2024-11-29,West_Zone,10437,8428,12446,26.4,Autumn,0,1
2024-11-30,West_Zone,13423,11414,15432,23.3,Autumn,1,1
2024-12-01,West_Zone,7720,5711,9729,15.3,Winter,0,1
2024-12-02,West_Zone,7690,5681,9698,14.7,Winter,0,1
2024-12-03,West_Zone,8364,6355,10373,16.2,Winter,0,1
2024-12-04,West_Zone,8510,6501,10519,16.6,Winter,0,1
2024-12-05,West_Zone,7310,5301,9319,11.5,Winter,0,1
2024-12-06,West_Zone,7977,5968,9986,15.4,Winter,0,1
2024-12-07,West_Zone,8417,6408,10426,17.4,Winter,0,1
2024-12-08,West_Zone,8768,6759,10777,17.8,Winter,0,1
2024-12-09,West_Zone,7907,5898,9916,15.1,Winter,0,1
2024-12-10,West_Zone,8358,6349,10367,17.1,Winter,0,1
2024-12-11,West_Zone,7848,5839,9856,15.1,Winter,0,1
2024-12-12,West_Zone,7871,5863,9880,15.1,Winter,0,1
2024-12-13,West_Zone,7898,5889,9907,14.3,Winter,0,1
2024-12-14,West_Zone,8045,6037,10054,15.0,Winter,0,1
2024-12-15,West_Zone,8096,6087,10105,16.0,Winter,0,1
2024-12-16,West_Zone,7710,5701,9719,13.2,Winter,0,1
2024-12-17,West_Zone,8347,6338,10355,16.2,Winter,0,1
2024-12-18,West_Zone,8064,6055,10073,14.9,Winter,0,1
2024-12-19,West_Zone,8350,6341,10358,16.3,Winter,0,1
2024-12-20,West_Zone,8060,6051,10069,15.2,Winter,0,1
2024-12-21,West_Zone,8858,6850,10867,18.1,Winter,0,1
2024-12-22,West_Zone,7788,5779,9796,14.0,Winter,0,1
2024-12-23,West_Zone,7844,5835,9853,14.3,Winter,0,1
2024-12-24,West_Zone,8102,6093,10111,15.2,Winter,0,1
2024-12-25,West_Zone,8623,6614,10632,17.4,Winter,0,1
2024-12-26,West_Zone,7529,5520,9538,12.2,Winter,0,1
2024-12-27,West_Zone,8104,6095,10113,14.5,Winter,0,1
2024-12-28,West_Zone,8145,6136,10154,15.1,Winter,0,1
2024-12-29,West_Zone,7830,5821,9839,15.0,Winter,0,1
2024-12-30,West_Zone,7556,5547,9565,13.7,Winter,0,1
2024-12-31,West_Zone,7804,5795,9813,13.0,Winter,0,1
